Date,Open,High,Low,Close,Adj Close,Volume,Ticker
2024-01-02,187.14999389648438,188.44000244140625,183.88999938964844,185.63999938964844,184.0814971923828,82488700,AAPL
2024-01-03,184.22000122070312,185.8800048828125,183.42999267578125,184.25,182.70318603515625,58414500,AAPL
2024-01-04,182.14999389648438,183.08999633789062,180.8800048828125,181.91000366210938,180.3828125,71983600,AAPL
2024-01-05,181.99000549316406,182.75999450683594,180.1699981689453,181.17999267578125,179.65895080566406,62379700,AAPL
2024-01-08,182.08999633789062,185.60000610351562,181.5,185.55999755859375,184.00218200683594,59144500,AAPL
2024-01-09,183.9199981689453,185.14999389648438,182.72999572753906,185.13999938964844,183.585693359375,42841800,AAPL
2024-01-10,184.35000610351562,186.39999389648438,183.9199981689453,186.19000244140625,184.6268768310547,46792900,AAPL
2024-01-11,186.5399932861328,187.0500030517578,183.6199951171875,185.58999633789062,184.0319061279297,49128400,AAPL
2024-01-12,186.05999755859375,186.74000549316406,185.19000244140625,185.9199981689453,184.35914611816406,40477800,AAPL
2024-01-16,182.16000366210938,184.25999450683594,180.92999267578125,183.6300048828125,182.08840942382812,65603000,AAPL
2024-01-17,181.27000427246094,182.92999267578125,180.3000030517578,182.67999267578125,181.14633178710938,47317400,AAPL
2024-01-18,186.08999633789062,189.13999938964844,185.8300018310547,188.6300048828125,187.04640197753906,78005800,AAPL
2024-01-19,189.3300018310547,191.9499969482422,188.82000732421875,191.55999755859375,189.95179748535156,68903000,AAPL
2024-01-22,192.3000030517578,195.3300018310547,192.25999450683594,193.88999938964844,192.26223754882812,60133900,AAPL
2024-01-23,195.02000427246094,195.75,193.8300018310547,195.17999267578125,193.54141235351562,42355600,AAPL
2024-01-24,195.4199981689453,196.3800048828125,194.33999633789062,194.5,192.8671112060547,53631300,AAPL
2024-01-25,195.22000122070312,196.27000427246094,193.11000061035156,194.1699981689453,192.53990173339844,54822100,AAPL
2024-01-26,194.27000427246094,194.75999450683594,191.94000244140625,192.4199981689453,190.80459594726562,44594000,AAPL
2024-01-29,192.00999450683594,192.1999969482422,189.5800018310547,191.72999572753906,190.12037658691406,47145600,AAPL
2024-01-30,190.94000244140625,191.8000030517578,187.47000122070312,188.0399932861328,186.46136474609375,55859400,AAPL
2024-01-31,187.0399932861328,187.10000610351562,184.35000610351562,184.39999389648438,182.85191345214844,55467800,AAPL
2024-02-01,183.99000549316406,186.9499969482422,183.82000732421875,186.86000061035156,185.29127502441406,64885400,AAPL
2024-02-02,179.86000061035156,187.3300018310547,179.25,185.85000610351562,184.2897491455078,102551700,AAPL
2024-02-05,188.14999389648438,189.25,185.83999633789062,187.67999267578125,186.10438537597656,69668800,AAPL
2024-02-06,186.86000061035156,189.30999755859375,186.77000427246094,189.3000030517578,187.7107696533203,43490800,AAPL
2024-02-07,190.63999938964844,191.0500030517578,188.61000061035156,189.41000366210938,187.81985473632812,53439000,AAPL
2024-02-08,189.38999938964844,189.5399932861328,187.35000610351562,188.32000732421875,186.739013671875,40962000,AAPL
2024-02-09,188.64999389648438,189.99000549316406,188.0,188.85000610351562,187.50352478027344,45155200,AAPL
2024-02-12,188.4199981689453,188.6699981689453,186.7899932861328,187.14999389648438,185.81564331054688,41781900,AAPL
2024-02-13,185.77000427246094,186.2100067138672,183.50999450683594,185.0399932861328,183.72067260742188,56529500,AAPL
2024-02-14,185.32000732421875,185.52999877929688,182.44000244140625,184.14999389648438,182.83702087402344,54630500,AAPL
2024-02-15,183.5500030517578,184.49000549316406,181.35000610351562,183.86000061035156,182.54905700683594,65434500,AAPL
2024-02-16,183.4199981689453,184.85000610351562,181.6699981689453,182.30999755859375,181.01016235351562,49752500,AAPL
2024-02-20,181.7899932861328,182.42999267578125,180.0,181.55999755859375,180.26548767089844,53665600,AAPL
2024-02-21,181.94000244140625,182.88999938964844,180.66000366210938,182.32000732421875,181.02008056640625,41371400,AAPL
2024-02-22,183.47999572753906,184.9600067138672,182.4600067138672,184.3699951171875,183.0554656982422,52292200,AAPL
2024-02-23,185.00999450683594,185.0399932861328,182.22999572753906,182.52000427246094,181.21865844726562,45119700,AAPL
2024-02-26,182.24000549316406,182.75999450683594,180.64999389648438,181.16000366210938,179.86834716796875,40867400,AAPL
2024-02-27,181.10000610351562,183.9199981689453,179.55999755859375,182.6300048828125,181.32786560058594,54318900,AAPL
2024-02-28,182.50999450683594,183.1199951171875,180.1300048828125,181.4199981689453,180.12648010253906,48953900,AAPL
2024-02-29,181.27000427246094,182.57000732421875,179.52999877929688,180.75,179.46127319335938,136682600,AAPL
2024-03-01,179.5500030517578,180.52999877929688,177.3800048828125,179.66000366210938,178.37904357910156,73563100,AAPL
2024-03-04,176.14999389648438,176.89999389648438,173.7899932861328,175.10000610351562,173.85153198242188,81510100,AAPL
2024-03-05,170.75999450683594,172.0399932861328,169.6199951171875,170.1199951171875,168.9070281982422,95132400,AAPL
2024-03-06,171.05999755859375,171.24000549316406,168.67999267578125,169.1199951171875,167.9141845703125,68587700,AAPL
2024-03-07,169.14999389648438,170.72999572753906,168.49000549316406,169.0,167.7950439453125,71765100,AAPL
2024-03-08,169.0,173.6999969482422,168.94000244140625,170.72999572753906,169.5126953125,76267000,AAPL
2024-03-11,172.94000244140625,174.3800048828125,172.0500030517578,172.75,171.51829528808594,60139500,AAPL
2024-03-12,173.14999389648438,174.02999877929688,171.00999450683594,173.22999572753906,171.994873046875,59825400,AAPL
2024-03-13,172.77000427246094,173.19000244140625,170.75999450683594,171.1300048828125,169.9098663330078,52488700,AAPL
2024-03-14,172.91000366210938,174.30999755859375,172.0500030517578,173.0,171.76651000976562,72913500,AAPL
2024-03-15,171.1699981689453,172.6199951171875,170.2899932861328,172.6199951171875,171.38922119140625,121752700,AAPL
2024-03-18,175.57000732421875,177.7100067138672,173.52000427246094,173.72000122070312,172.4813690185547,75604200,AAPL
2024-03-19,174.33999633789062,176.61000061035156,173.02999877929688,176.0800018310547,174.82455444335938,55215200,AAPL
2024-03-20,175.72000122070312,178.6699981689453,175.08999633789062,178.6699981689453,177.39608764648438,53423100,AAPL
2024-03-21,177.0500030517578,177.49000549316406,170.83999633789062,171.3699951171875,170.14813232421875,106181300,AAPL
2024-03-22,171.75999450683594,173.0500030517578,170.05999755859375,172.27999877929688,171.0516357421875,71160100,AAPL
2024-03-25,170.57000732421875,171.94000244140625,169.4499969482422,170.85000610351562,169.63186645507812,54288300,AAPL
2024-03-26,170.0,171.4199981689453,169.5800018310547,169.7100067138672,168.5,57388400,AAPL
2024-03-27,170.41000366210938,173.60000610351562,170.11000061035156,173.30999755859375,172.07431030273438,60273300,AAPL
2024-03-28,171.75,172.22999572753906,170.50999450683594,171.47999572753906,170.25735473632812,65672700,AAPL
2024-04-01,171.19000244140625,171.25,169.47999572753906,170.02999877929688,168.8177032470703,46240500,AAPL
2024-04-02,169.0800018310547,169.33999633789062,168.22999572753906,168.83999633789062,167.6361846923828,49329500,AAPL
2024-04-03,168.7899932861328,170.67999267578125,168.5800018310547,169.64999389648438,168.44039916992188,47691700,AAPL
2024-04-04,170.2899932861328,171.9199981689453,168.82000732421875,168.82000732421875,167.61631774902344,53704400,AAPL
2024-04-05,169.58999633789062,170.38999938964844,168.9499969482422,169.5800018310547,168.3708953857422,42104800,AAPL
2024-04-08,169.02999877929688,169.1999969482422,168.24000549316406,168.4499969482422,167.2489471435547,37425500,AAPL
2024-04-09,168.6999969482422,170.0800018310547,168.35000610351562,169.6699981689453,168.4602813720703,42373800,AAPL
2024-04-10,168.8000030517578,169.08999633789062,167.11000061035156,167.77999877929688,166.58370971679688,49709300,AAPL
2024-04-11,168.33999633789062,175.4600067138672,168.16000366210938,175.0399932861328,173.79197692871094,91070300,AAPL
2024-04-12,174.25999450683594,178.36000061035156,174.2100067138672,176.5500030517578,175.2912139892578,101670900,AAPL
2024-04-15,175.36000061035156,176.6300048828125,172.5,172.69000244140625,171.45872497558594,73531800,AAPL
2024-04-16,171.75,173.75999450683594,168.27000427246094,169.3800048828125,168.17233276367188,73711200,AAPL
2024-04-17,169.61000061035156,170.64999389648438,168.0,168.0,166.80218505859375,50901200,AAPL
2024-04-18,168.02999877929688,168.63999938964844,166.5500030517578,167.0399932861328,165.84901428222656,43122900,AAPL
2024-04-19,166.2100067138672,166.39999389648438,164.0800018310547,165.0,163.8235626220703,68149400,AAPL
2024-04-22,165.52000427246094,167.25999450683594,164.77000427246094,165.83999633789062,164.65756225585938,48116400,AAPL
2024-04-23,165.35000610351562,167.0500030517578,164.9199981689453,166.89999389648438,165.71002197265625,49537800,AAPL
2024-04-24,166.5399932861328,169.3000030517578,166.2100067138672,169.02000427246094,167.8148956298828,48251800,AAPL
2024-04-25,169.52999877929688,170.61000061035156,168.14999389648438,169.88999938964844,168.6787109375,50558300,AAPL
2024-04-26,169.8800048828125,171.33999633789062,169.17999267578125,169.3000030517578,168.0928955078125,44838400,AAPL
2024-04-29,173.3699951171875,176.02999877929688,173.10000610351562,173.5,172.26295471191406,68169400,AAPL
2024-04-30,173.3300018310547,174.99000549316406,170.0,170.3300018310547,169.1155548095703,65934800,AAPL
2024-05-01,169.5800018310547,172.7100067138672,169.11000061035156,169.3000030517578,168.0928955078125,50383100,AAPL
2024-05-02,172.50999450683594,173.4199981689453,170.88999938964844,173.02999877929688,171.79629516601562,94214900,AAPL
2024-05-03,186.64999389648438,187.0,182.66000366210938,183.3800048828125,182.072509765625,163224100,AAPL
2024-05-06,182.35000610351562,184.1999969482422,180.4199981689453,181.7100067138672,180.4144287109375,78569700,AAPL
2024-05-07,183.4499969482422,184.89999389648438,181.32000732421875,182.39999389648438,181.0994873046875,77305800,AAPL
2024-05-08,182.85000610351562,183.07000732421875,181.4499969482422,182.74000549316406,181.4370880126953,45057100,AAPL
2024-05-09,182.55999755859375,184.66000366210938,182.11000061035156,184.57000732421875,183.2540283203125,48983000,AAPL
2024-05-10,184.89999389648438,185.08999633789062,182.1300048828125,183.0500030517578,181.99139404296875,50759500,AAPL
2024-05-13,185.44000244140625,187.10000610351562,184.6199951171875,186.27999877929688,185.20269775390625,72044800,AAPL
2024-05-14,187.50999450683594,188.3000030517578,186.2899932861328,187.42999267578125,186.3460235595703,52393600,AAPL
2024-05-15,187.91000366210938,190.64999389648438,187.3699951171875,189.72000122070312,188.622802734375,70400000,AAPL
2024-05-16,190.47000122070312,191.10000610351562,189.66000366210938,189.83999633789062,188.74209594726562,52845200,AAPL
2024-05-17,189.50999450683594,190.80999755859375,189.17999267578125,189.8699951171875,188.77191162109375,41282900,AAPL
2024-05-20,189.3300018310547,191.9199981689453,189.00999450683594,191.0399932861328,189.93515014648438,44361300,AAPL
2024-05-21,191.08999633789062,192.72999572753906,190.9199981689453,192.35000610351562,191.2375946044922,42309400,AAPL
2024-05-22,192.27000427246094,192.82000732421875,190.27000427246094,190.89999389648438,189.79595947265625,34648500,AAPL
2024-05-23,190.97999572753906,191.0,186.6300048828125,186.8800048828125,185.79922485351562,51005900,AAPL
2024-05-24,188.82000732421875,190.5800018310547,188.0399932861328,189.97999572753906,188.88128662109375,36327000,AAPL
2024-05-28,191.50999450683594,193.0,189.10000610351562,189.99000549316406,188.89125061035156,52280100,AAPL
2024-05-29,189.61000061035156,192.25,189.50999450683594,190.2899932861328,189.1894989013672,53068000,AAPL
2024-05-30,190.75999450683594,192.17999267578125,190.6300048828125,191.2899932861328,190.18370056152344,49889100,AAPL
2024-05-31,191.44000244140625,192.57000732421875,189.91000366210938,192.25,191.13815307617188,75158300,AAPL
2024-06-03,192.89999389648438,194.99000549316406,192.52000427246094,194.02999877929688,192.9078826904297,50080500,AAPL
2024-06-04,194.63999938964844,195.32000732421875,193.02999877929688,194.35000610351562,193.2260284423828,47471400,AAPL
2024-06-05,195.39999389648438,196.89999389648438,194.8699951171875,195.8699951171875,194.7372283935547,54156800,AAPL
2024-06-06,195.69000244140625,196.5,194.1699981689453,194.47999572753906,193.3552703857422,41181800,AAPL
2024-06-07,194.64999389648438,196.94000244140625,194.13999938964844,196.88999938964844,195.75132751464844,53103900,AAPL
2024-06-10,196.89999389648438,197.3000030517578,192.14999389648438,193.1199951171875,192.00314331054688,97010200,AAPL
2024-06-11,193.64999389648438,207.16000366210938,193.6300048828125,207.14999389648438,205.9519805908203,172373300,AAPL
2024-06-12,207.3699951171875,220.1999969482422,206.89999389648438,213.07000732421875,211.83775329589844,198134300,AAPL
2024-06-13,214.74000549316406,216.75,211.60000610351562,214.24000549316406,213.0009765625,97862700,AAPL
2024-06-14,213.85000610351562,215.1699981689453,211.3000030517578,212.49000549316406,211.2611083984375,70122700,AAPL
2024-06-17,213.3699951171875,218.9499969482422,212.72000122070312,216.6699981689453,215.4169464111328,93728300,AAPL
2024-06-18,217.58999633789062,218.6300048828125,213.0,214.2899932861328,213.05072021484375,79943300,AAPL
2024-06-20,213.92999267578125,214.24000549316406,208.85000610351562,209.67999267578125,208.4673614501953,86172500,AAPL
2024-06-21,210.38999938964844,211.88999938964844,207.11000061035156,207.49000549316406,206.2900390625,241805100,AAPL
2024-06-24,207.72000122070312,212.6999969482422,206.58999633789062,208.13999938964844,206.936279296875,80727000,AAPL
2024-06-25,209.14999389648438,211.3800048828125,208.61000061035156,209.07000732421875,207.86090087890625,55549700,AAPL
2024-06-26,211.5,214.86000061035156,210.63999938964844,213.25,212.01670837402344,66213200,AAPL
2024-06-27,214.69000244140625,215.74000549316406,212.35000610351562,214.10000610351562,212.86180114746094,49772700,AAPL
2024-06-28,215.77000427246094,216.07000732421875,210.3000030517578,210.6199951171875,209.4019012451172,82542700,AAPL
2024-07-01,212.08999633789062,217.50999450683594,211.9199981689453,216.75,215.49647521972656,60402900,AAPL
2024-07-02,216.14999389648438,220.3800048828125,215.10000610351562,220.27000427246094,218.9961395263672,58046200,AAPL
2024-07-03,220.0,221.5500030517578,219.02999877929688,221.5500030517578,220.2687225341797,37369800,AAPL
2024-07-05,221.64999389648438,226.4499969482422,221.64999389648438,226.33999633789062,225.03102111816406,60412400,AAPL
2024-07-08,227.08999633789062,227.85000610351562,223.25,227.82000732421875,226.50247192382812,59085900,AAPL
2024-07-09,227.92999267578125,229.39999389648438,226.3699951171875,228.67999267578125,227.35748291015625,48076100,AAPL
2024-07-10,229.3000030517578,233.0800018310547,229.25,232.97999572753906,231.63259887695312,62627700,AAPL
2024-07-11,231.38999938964844,232.38999938964844,225.77000427246094,227.57000732421875,226.25392150878906,64710600,AAPL
2024-07-12,228.9199981689453,232.63999938964844,228.67999267578125,230.5399932861328,229.20669555664062,53046500,AAPL
2024-07-15,236.47999572753906,237.22999572753906,233.08999633789062,234.39999389648438,233.04440307617188,62631300,AAPL
2024-07-16,235.0,236.27000427246094,232.3300018310547,234.82000732421875,233.4619903564453,43234300,AAPL
2024-07-17,229.4499969482422,231.4600067138672,226.63999938964844,228.8800048828125,227.55633544921875,57345900,AAPL
2024-07-18,230.27999877929688,230.44000244140625,222.27000427246094,224.17999267578125,222.88351440429688,66034600,AAPL
2024-07-19,224.82000732421875,226.8000030517578,223.27999877929688,224.30999755859375,223.01275634765625,49151500,AAPL
2024-07-22,227.00999450683594,227.77999877929688,223.08999633789062,223.9600067138672,222.66477966308594,48201800,AAPL
2024-07-23,224.3699951171875,226.94000244140625,222.67999267578125,225.00999450683594,223.7086944580078,39960300,AAPL
2024-07-24,224.0,224.8000030517578,217.1300048828125,218.5399932861328,217.276123046875,61777600,AAPL
2024-07-25,218.92999267578125,220.85000610351562,214.6199951171875,217.49000549316406,216.23220825195312,51391200,AAPL
2024-07-26,218.6999969482422,219.49000549316406,216.00999450683594,217.9600067138672,216.69949340820312,41601300,AAPL
2024-07-29,216.9600067138672,219.3000030517578,215.75,218.24000549316406,216.97787475585938,36311800,AAPL
2024-07-30,219.19000244140625,220.3300018310547,216.1199951171875,218.8000030517578,217.5346221923828,41643800,AAPL
2024-07-31,221.44000244140625,223.82000732421875,220.6300048828125,222.0800018310547,220.79566955566406,50036300,AAPL
2024-08-01,224.3699951171875,224.47999572753906,217.02000427246094,218.36000061035156,217.09716796875,62501000,AAPL
2024-08-02,219.14999389648438,225.60000610351562,217.7100067138672,219.86000061035156,218.58848571777344,105568600,AAPL
2024-08-05,199.08999633789062,213.5,196.0,209.27000427246094,208.05975341796875,119548600,AAPL
2024-08-06,205.3000030517578,209.99000549316406,201.07000732421875,207.22999572753906,206.03152465820312,69660500,AAPL
2024-08-07,206.89999389648438,213.63999938964844,206.38999938964844,209.82000732421875,208.6065673828125,63516400,AAPL
2024-08-08,213.11000061035156,214.1999969482422,208.8300018310547,213.30999755859375,212.0763702392578,47161100,AAPL
2024-08-09,212.10000610351562,216.77999877929688,211.97000122070312,216.24000549316406,214.9894256591797,42201600,AAPL
2024-08-12,216.07000732421875,219.50999450683594,215.60000610351562,217.52999877929688,216.5222930908203,38028100,AAPL
2024-08-13,219.00999450683594,221.88999938964844,219.00999450683594,221.27000427246094,220.24497985839844,44155300,AAPL
2024-08-14,220.57000732421875,223.02999877929688,219.6999969482422,221.72000122070312,220.69288635253906,41960600,AAPL
2024-08-15,224.60000610351562,225.35000610351562,222.75999450683594,224.72000122070312,223.6790008544922,46414000,AAPL
2024-08-16,223.9199981689453,226.8300018310547,223.64999389648438,226.0500030517578,225.00283813476562,44340200,AAPL
2024-08-19,225.72000122070312,225.99000549316406,223.0399932861328,225.88999938964844,224.8435821533203,40687800,AAPL
2024-08-20,225.77000427246094,227.1699981689453,225.4499969482422,226.50999450683594,225.460693359375,30299000,AAPL
2024-08-21,226.52000427246094,227.97999572753906,225.0500030517578,226.39999389648438,225.35121154785156,34765500,AAPL
2024-08-22,227.7899932861328,228.33999633789062,223.89999389648438,224.52999877929688,223.4898681640625,43695300,AAPL
2024-08-23,225.66000366210938,228.22000122070312,224.3300018310547,226.83999633789062,225.78915405273438,38677300,AAPL
2024-08-26,226.75999450683594,227.27999877929688,223.88999938964844,227.17999267578125,226.12759399414062,30602200,AAPL
2024-08-27,226.0,228.85000610351562,224.88999938964844,228.02999877929688,226.97366333007812,35934600,AAPL
2024-08-28,227.9199981689453,229.86000061035156,225.67999267578125,226.49000549316406,225.4407958984375,38052200,AAPL
2024-08-29,230.10000610351562,232.9199981689453,228.8800048828125,229.7899932861328,228.72549438476562,51906300,AAPL
2024-08-30,230.19000244140625,230.39999389648438,227.47999572753906,229.0,227.9391632080078,52990800,AAPL
2024-01-02,373.8599853515625,375.8999938964844,366.7699890136719,370.8699951171875,366.10552978515625,25258600,MSFT
2024-01-03,369.010009765625,373.260009765625,368.510009765625,370.6000061035156,365.8389892578125,23083500,MSFT
2024-01-04,370.6700134277344,373.1000061035156,367.1700134277344,367.94000244140625,363.2132263183594,20901500,MSFT
2024-01-05,368.9700012207031,372.05999755859375,366.5,367.75,363.025634765625,21004600,MSFT
2024-01-08,369.29998779296875,375.20001220703125,369.010009765625,374.69000244140625,369.87646484375,23134000,MSFT
2024-01-09,372.010009765625,375.989990234375,371.19000244140625,375.7900085449219,370.96234130859375,20830000,MSFT
2024-01-10,376.3699951171875,384.1700134277344,376.32000732421875,382.7699890136719,377.85272216796875,25514200,MSFT
2024-01-11,386.0,390.67999267578125,380.3800048828125,384.6300048828125,379.6887512207031,27850800,MSFT
2024-01-12,385.489990234375,388.67999267578125,384.6499938964844,388.4700012207031,383.4794616699219,21661200,MSFT
2024-01-16,393.6600036621094,394.0299987792969,387.6199951171875,390.2699890136719,385.25634765625,27202300,MSFT
2024-01-17,387.9800109863281,390.1099853515625,384.80999755859375,389.4700012207031,384.4666442871094,22234100,MSFT
2024-01-18,391.7200012207031,393.989990234375,390.1199951171875,393.8699951171875,388.81005859375,23392100,MSFT
2024-01-19,395.760009765625,398.6700134277344,393.5,398.6700134277344,393.5484313964844,29331100,MSFT
2024-01-22,400.0199890136719,400.6199951171875,393.5899963378906,396.510009765625,391.4161682128906,27016900,MSFT
2024-01-23,395.75,399.3800048828125,393.92999267578125,398.8999938964844,393.77545166015625,20525900,MSFT
2024-01-24,401.5400085449219,405.6300048828125,400.45001220703125,402.55999755859375,397.388427734375,24867000,MSFT
2024-01-25,404.32000732421875,407.010009765625,402.5299987792969,404.8699951171875,399.66876220703125,21021200,MSFT
2024-01-26,404.3699951171875,406.1700134277344,402.42999267578125,403.92999267578125,398.7408447265625,17803300,MSFT
2024-01-29,406.05999755859375,409.9800109863281,404.3299865722656,409.7200012207031,404.4564514160156,24510200,MSFT
2024-01-30,412.260009765625,413.04998779296875,406.45001220703125,408.5899963378906,403.3409729003906,33477600,MSFT
2024-01-31,406.9599914550781,415.32000732421875,397.2099914550781,397.5799865722656,392.472412109375,47871100,MSFT
2024-02-01,401.8299865722656,408.0,401.79998779296875,403.7799987792969,398.59271240234375,30657700,MSFT
2024-02-02,403.80999755859375,412.6499938964844,403.55999755859375,411.2200012207031,405.9372253417969,28256700,MSFT
2024-02-05,409.8999938964844,411.1600036621094,403.989990234375,405.6499938964844,400.438720703125,25352300,MSFT
2024-02-06,405.8800048828125,407.9700012207031,402.9100036621094,405.489990234375,400.28082275390625,18382600,MSFT
2024-02-07,407.44000244140625,414.29998779296875,407.3999938964844,414.04998779296875,408.7308044433594,22340500,MSFT
2024-02-08,414.04998779296875,415.55999755859375,412.5299987792969,414.1099853515625,408.7900085449219,21225300,MSFT
2024-02-09,415.25,420.82000732421875,415.0899963378906,420.54998779296875,415.14727783203125,22032800,MSFT
2024-02-12,420.55999755859375,420.739990234375,414.75,415.260009765625,409.92529296875,21202900,MSFT
2024-02-13,404.94000244140625,410.07000732421875,403.3900146484375,406.32000732421875,401.1001281738281,27824900,MSFT
2024-02-14,408.07000732421875,409.8399963378906,404.57000732421875,409.489990234375,404.9769592285156,20401200,MSFT
2024-02-15,408.1400146484375,409.1300048828125,404.2900085449219,406.55999755859375,402.0791931152344,21825500,MSFT
2024-02-16,407.9599914550781,408.2900085449219,403.44000244140625,404.05999755859375,399.6067810058594,22296500,MSFT
2024-02-20,403.239990234375,404.489990234375,398.010009765625,402.7900085449219,398.35076904296875,24307900,MSFT
2024-02-21,400.1700134277344,402.2900085449219,397.2200012207031,402.17999267578125,397.74749755859375,18518900,MSFT
2024-02-22,410.19000244140625,412.8299865722656,408.57000732421875,411.6499938964844,407.1131286621094,27009900,MSFT
2024-02-23,415.6700134277344,415.8599853515625,408.9700012207031,410.3399963378906,405.81756591796875,16295900,MSFT
2024-02-26,411.4599914550781,412.1600036621094,407.3599853515625,407.5400085449219,403.0484313964844,16193500,MSFT
2024-02-27,407.989990234375,408.32000732421875,403.8500061035156,407.4800109863281,402.98907470703125,14835800,MSFT
2024-02-28,408.17999267578125,409.29998779296875,405.32000732421875,407.7200012207031,403.2264099121094,13183100,MSFT
2024-02-29,408.6400146484375,414.20001220703125,405.9200134277344,413.6400146484375,409.0812072753906,31947300,MSFT
2024-03-01,411.2699890136719,415.8699951171875,410.8800048828125,415.5,410.9206848144531,17823400,MSFT
2024-03-04,413.44000244140625,417.3500061035156,412.32000732421875,414.9200134277344,410.3470764160156,17596000,MSFT
2024-03-05,413.9599914550781,414.25,400.6400146484375,402.6499938964844,398.21234130859375,26919200,MSFT
2024-03-06,402.9700012207031,405.1600036621094,398.3900146484375,402.0899963378906,397.65850830078125,22344100,MSFT
2024-03-07,406.1199951171875,409.7799987792969,402.239990234375,409.1400146484375,404.63079833984375,18718500,MSFT
2024-03-08,407.9599914550781,410.4200134277344,404.3299865722656,406.2200012207031,401.74298095703125,18002200,MSFT
2024-03-11,403.760009765625,405.67999267578125,401.260009765625,404.5199890136719,400.06170654296875,16120800,MSFT
2024-03-12,407.6199951171875,415.57000732421875,406.7900085449219,415.2799987792969,410.703125,22457000,MSFT
2024-03-13,418.1000061035156,418.17999267578125,411.45001220703125,415.1000061035156,410.5251159667969,17115900,MSFT
2024-03-14,420.239990234375,427.82000732421875,417.989990234375,425.2200012207031,420.5335693359375,34157300,MSFT
2024-03-15,419.2900085449219,422.6000061035156,412.7900085449219,416.4200134277344,411.8305358886719,45079900,MSFT
2024-03-18,414.25,420.7300109863281,413.7799987792969,417.32000732421875,412.7206115722656,20106000,MSFT
2024-03-19,417.8299865722656,421.6700134277344,415.54998779296875,421.4100036621094,416.76556396484375,19837900,MSFT
2024-03-20,422.0,425.9599914550781,420.6600036621094,425.2300109863281,420.54345703125,17860100,MSFT
2024-03-21,429.8299865722656,430.82000732421875,427.1600036621094,429.3699951171875,424.6378479003906,21296200,MSFT
2024-03-22,429.70001220703125,429.8599853515625,426.07000732421875,428.739990234375,424.0148010253906,17648500,MSFT
2024-03-25,425.239990234375,427.4100036621094,421.6099853515625,422.8599853515625,418.1995849609375,18060500,MSFT
2024-03-26,425.6099853515625,425.989990234375,421.3500061035156,421.6499938964844,417.0029296875,16725600,MSFT
2024-03-27,424.44000244140625,424.45001220703125,419.010009765625,421.42999267578125,416.78533935546875,16705000,MSFT
2024-03-28,420.9599914550781,421.8699951171875,419.1199951171875,420.7200012207031,416.0831604003906,21871200,MSFT
2024-04-01,423.95001220703125,427.8900146484375,422.2200012207031,424.57000732421875,419.8907165527344,16316000,MSFT
2024-04-02,420.1099853515625,422.3800048828125,417.8399963378906,421.44000244140625,416.7951965332031,17912000,MSFT
2024-04-03,419.7300109863281,423.260009765625,419.0899963378906,420.45001220703125,415.816162109375,16502300,MSFT
2024-04-04,424.989990234375,428.6700134277344,417.57000732421875,417.8800048828125,413.27447509765625,19370900,MSFT
2024-04-05,420.010009765625,426.510009765625,418.32000732421875,425.5199890136719,420.8302917480469,16554800,MSFT
2024-04-08,425.1700134277344,427.2799987792969,423.29998779296875,424.5899963378906,419.9105224609375,14272400,MSFT
2024-04-09,426.44000244140625,427.739990234375,421.6199951171875,426.2799987792969,421.5818786621094,12496900,MSFT
2024-04-10,422.19000244140625,424.0299987792969,419.70001220703125,423.260009765625,418.59515380859375,16216600,MSFT
2024-04-11,425.82000732421875,429.3699951171875,422.3599853515625,427.92999267578125,423.21368408203125,17966400,MSFT
2024-04-12,424.04998779296875,425.17999267578125,419.7699890136719,421.8999938964844,417.25018310546875,19253800,MSFT
2024-04-15,426.6000061035156,426.82000732421875,413.42999267578125,413.6400146484375,409.0812072753906,20273500,MSFT
2024-04-16,414.57000732421875,418.3999938964844,413.7300109863281,414.5799865722656,410.01080322265625,16765600,MSFT
2024-04-17,417.25,418.8800048828125,410.3299865722656,411.8399963378906,407.3010559082031,15855500,MSFT
2024-04-18,410.6300048828125,411.8900146484375,403.95001220703125,404.2699890136719,399.8144836425781,21029900,MSFT
2024-04-19,404.0299987792969,405.4800109863281,397.7699890136719,399.1199951171875,394.72119140625,30565800,MSFT
2024-04-22,400.0799865722656,402.8500061035156,395.75,400.9599914550781,396.54095458984375,20286900,MSFT
2024-04-23,404.239990234375,408.20001220703125,403.05999755859375,407.57000732421875,403.0780944824219,15734500,MSFT
2024-04-24,409.55999755859375,412.4700012207031,406.7799987792969,409.05999755859375,404.5516662597656,15065300,MSFT
2024-04-25,394.0299987792969,399.8900146484375,388.0299987792969,399.0400085449219,394.64208984375,40586500,MSFT
2024-04-26,412.1700134277344,413.0,405.760009765625,406.32000732421875,401.84185791015625,29694700,MSFT
2024-04-29,405.25,406.32000732421875,399.19000244140625,402.25,397.81671142578125,19582100,MSFT
2024-04-30,401.489990234375,402.1600036621094,389.1700134277344,389.3299865722656,385.0390930175781,28781400,MSFT
2024-05-01,392.6099853515625,401.7200012207031,390.30999755859375,394.94000244140625,390.5872802734375,23562500,MSFT
2024-05-02,397.6600036621094,399.92999267578125,394.6499938964844,397.8399963378906,393.455322265625,17709400,MSFT
2024-05-03,402.2799987792969,407.1499938964844,401.8599853515625,406.6600036621094,402.1781005859375,17446700,MSFT
2024-05-06,408.760009765625,413.92999267578125,406.3699951171875,413.5400085449219,408.9823303222656,16996600,MSFT
2024-05-07,414.6600036621094,414.6700134277344,409.0899963378906,409.3399963378906,404.8285827636719,20018200,MSFT
2024-05-08,408.1700134277344,412.2300109863281,406.7099914550781,410.5400085449219,406.0153503417969,11792300,MSFT
2024-05-09,410.57000732421875,412.7200012207031,409.1000061035156,412.32000732421875,407.7757568359375,14689700,MSFT
2024-05-10,412.94000244140625,415.3800048828125,411.79998779296875,414.739990234375,410.1690673828125,13402300,MSFT
2024-05-13,418.010009765625,418.3500061035156,410.82000732421875,413.7200012207031,409.1603088378906,15440200,MSFT
2024-05-14,412.0199890136719,417.489990234375,411.54998779296875,416.55999755859375,411.9690246582031,15109300,MSFT
2024-05-15,417.8999938964844,423.80999755859375,417.2699890136719,423.0799865722656,419.171875,22239500,MSFT
2024-05-16,421.79998779296875,425.4200134277344,420.3500061035156,420.989990234375,417.10113525390625,17530100,MSFT
2024-05-17,422.5400085449219,422.9200134277344,418.0299987792969,420.2099914550781,416.3283386230469,15352200,MSFT
2024-05-20,420.2099914550781,426.7699890136719,419.989990234375,425.3399963378906,421.4110107421875,16272100,MSFT
2024-05-21,426.8299865722656,432.9700012207031,424.8500061035156,429.0400085449219,425.07684326171875,21453300,MSFT
2024-05-22,430.0899963378906,432.4100036621094,427.1300048828125,430.5199890136719,426.5431213378906,18073700,MSFT
2024-05-23,432.9700012207031,433.6000061035156,425.4200134277344,427.0,423.0556640625,17211700,MSFT
2024-05-24,427.19000244140625,431.05999755859375,424.4100036621094,430.1600036621094,426.18646240234375,11855300,MSFT
2024-05-28,429.6300048828125,430.82000732421875,426.6000061035156,430.32000732421875,426.344970703125,15718000,MSFT
2024-05-29,425.69000244140625,430.94000244140625,425.69000244140625,429.1700134277344,425.20562744140625,15517100,MSFT
2024-05-30,424.29998779296875,424.29998779296875,414.239990234375,414.6700134277344,410.83953857421875,28394500,MSFT
2024-05-31,416.75,416.75,404.510009765625,415.1300048828125,411.2953186035156,47995300,MSFT
2024-06-03,415.5299987792969,416.42999267578125,408.9200134277344,413.5199890136719,409.7001647949219,17484700,MSFT
2024-06-04,412.42999267578125,416.44000244140625,409.67999267578125,416.07000732421875,412.22662353515625,14348900,MSFT
2024-06-05,417.80999755859375,424.0799865722656,416.29998779296875,424.010009765625,420.09326171875,16988000,MSFT
2024-06-06,424.010009765625,425.30999755859375,420.5799865722656,424.5199890136719,420.59857177734375,14861300,MSFT
2024-06-07,426.20001220703125,426.2799987792969,423.0,423.8500061035156,419.93475341796875,13621700,MSFT
2024-06-10,424.70001220703125,428.0799865722656,423.8900146484375,427.8699951171875,423.9175720214844,13982900,MSFT
2024-06-11,425.4800109863281,432.82000732421875,425.25,432.67999267578125,428.6832275390625,14551100,MSFT
2024-06-12,435.32000732421875,443.3999938964844,433.25,441.05999755859375,436.98577880859375,22366200,MSFT
2024-06-13,440.8500061035156,443.3900146484375,439.3699951171875,441.5799865722656,437.5009460449219,15960600,MSFT
2024-06-14,438.2799987792969,443.1400146484375,436.7200012207031,442.57000732421875,438.4818420410156,13582000,MSFT
2024-06-17,442.5899963378906,450.94000244140625,440.7200012207031,448.3699951171875,444.2282409667969,20790000,MSFT
2024-06-18,449.7099914550781,450.1400146484375,444.8900146484375,446.3399963378906,442.2170104980469,17112500,MSFT
2024-06-20,446.29998779296875,446.5299987792969,441.2699890136719,445.70001220703125,441.58294677734375,19877400,MSFT
2024-06-21,447.3800048828125,450.5799865722656,446.510009765625,449.7799987792969,445.62518310546875,34187100,MSFT
2024-06-24,449.79998779296875,452.75,446.4100036621094,447.6700134277344,443.5347595214844,15913700,MSFT
2024-06-25,448.25,451.4200134277344,446.75,450.95001220703125,446.7843933105469,16413400,MSFT
2024-06-26,449.0,453.6000061035156,448.19000244140625,452.1600036621094,447.9832458496094,16507000,MSFT
2024-06-27,452.17999267578125,456.1700134277344,451.7699890136719,452.8500061035156,448.6668701171875,14806300,MSFT
2024-06-28,453.07000732421875,455.3800048828125,446.4100036621094,446.95001220703125,442.82135009765625,28362300,MSFT
2024-07-01,448.6600036621094,457.3699951171875,445.6600036621094,456.7300109863281,452.51104736328125,17662800,MSFT
2024-07-02,453.20001220703125,459.5899963378906,453.1099853515625,459.2799987792969,455.0374450683594,13979800,MSFT
2024-07-03,458.19000244140625,461.0199890136719,457.8800048828125,460.7699890136719,456.5137023925781,9932800,MSFT
2024-07-05,459.6099853515625,468.3500061035156,458.9700012207031,467.55999755859375,463.2409973144531,16000300,MSFT
2024-07-08,466.54998779296875,467.70001220703125,464.4599914550781,466.239990234375,461.9331970214844,12962300,MSFT
2024-07-09,467.0,467.3299865722656,458.0,459.5400085449219,455.2950744628906,17207200,MSFT
2024-07-10,461.2200012207031,466.4599914550781,458.8599853515625,466.25,461.9430847167969,18196100,MSFT
2024-07-11,462.9800109863281,464.7799987792969,451.54998779296875,454.70001220703125,450.4997863769531,23111200,MSFT
2024-07-12,454.3299865722656,456.3599853515625,450.6499938964844,453.54998779296875,449.3603515625,16324300,MSFT
2024-07-15,453.29998779296875,457.260009765625,451.42999267578125,453.9599914550781,449.7666015625,14429400,MSFT
2024-07-16,454.2200012207031,454.29998779296875,446.6600036621094,449.5199890136719,445.3675842285156,17175700,MSFT
2024-07-17,442.5899963378906,444.8500061035156,439.17999267578125,443.5199890136719,439.42303466796875,21778000,MSFT
2024-07-18,444.3399963378906,444.6499938964844,434.3999938964844,440.3699951171875,436.3021545410156,20794800,MSFT
2024-07-19,433.1000061035156,441.1400146484375,432.0,437.1099853515625,433.0722961425781,20940400,MSFT
2024-07-22,441.7900085449219,444.6000061035156,438.9100036621094,442.94000244140625,438.848388671875,15808800,MSFT
2024-07-23,443.8999938964844,448.3900146484375,443.1000061035156,444.8500061035156,440.74078369140625,13107100,MSFT
2024-07-24,440.45001220703125,441.4800109863281,427.5899963378906,428.8999938964844,424.9380798339844,26805800,MSFT
2024-07-25,428.79998779296875,429.79998779296875,417.510009765625,418.3999938964844,414.5351257324219,29943800,MSFT
2024-07-26,418.20001220703125,428.9200134277344,417.2699890136719,425.2699890136719,421.34161376953125,23583800,MSFT
2024-07-29,431.5799865722656,432.1499938964844,424.70001220703125,426.7300109863281,422.78814697265625,15125800,MSFT
2024-07-30,427.7200012207031,429.04998779296875,417.3599853515625,422.9200134277344,419.01336669921875,32687600,MSFT
2024-07-31,420.5,421.7799987792969,412.2099914550781,418.3500061035156,414.4855651855469,42891400,MSFT
2024-08-01,420.7900085449219,427.4599914550781,413.0899963378906,417.1099853515625,413.2569885253906,30296400,MSFT
2024-08-02,412.489990234375,415.0,404.3399963378906,408.489990234375,404.7166442871094,29437900,MSFT
2024-08-05,389.1700134277344,401.0400085449219,385.5799865722656,395.1499938964844,391.4998779296875,40709200,MSFT
2024-08-06,400.0,405.6700134277344,398.5,399.6099853515625,395.9186706542969,24946500,MSFT
2024-08-07,408.6400146484375,410.0799865722656,397.4700012207031,398.42999267578125,394.74957275390625,20650900,MSFT
2024-08-08,402.44000244140625,405.8599853515625,399.94000244140625,402.69000244140625,398.9702453613281,20203000,MSFT
2024-08-09,404.0299987792969,408.04998779296875,402.260009765625,406.0199890136719,402.2694396972656,19276700,MSFT
2024-08-12,407.05999755859375,408.760009765625,404.239990234375,406.80999755859375,403.0521545410156,16762900,MSFT
2024-08-13,409.5899963378906,414.95001220703125,409.57000732421875,414.010009765625,410.1856689453125,19414300,MSFT
2024-08-14,414.79998779296875,417.7200012207031,412.45001220703125,416.8599853515625,413.0093078613281,18267000,MSFT
2024-08-15,419.79998779296875,421.1099853515625,417.6600036621094,421.0299987792969,417.89263916015625,20752100,MSFT
2024-08-16,420.6000061035156,421.3399963378906,417.29998779296875,418.4700012207031,415.3517150878906,22775600,MSFT
2024-08-19,418.9599914550781,421.75,416.4599914550781,421.5299987792969,418.388916015625,15234000,MSFT
2024-08-20,421.70001220703125,425.8599853515625,421.6400146484375,424.79998779296875,421.63458251953125,16387600,MSFT
2024-08-21,424.0799865722656,426.3999938964844,421.7200012207031,424.1400146484375,420.9795227050781,16067300,MSFT
2024-08-22,424.3599853515625,426.7900085449219,414.6099853515625,415.54998779296875,412.4534606933594,19361900,MSFT
2024-08-23,416.9800109863281,419.260009765625,412.0899963378906,416.7900085449219,413.6842346191406,18493800,MSFT
2024-08-26,416.3699951171875,417.2799987792969,411.3399963378906,413.489990234375,410.4088439941406,13152800,MSFT
2024-08-27,412.8599853515625,414.3599853515625,410.25,413.8399963378906,410.7562255859375,13492900,MSFT
2024-08-28,414.8800048828125,415.0,407.30999755859375,410.6000061035156,407.54034423828125,14882700,MSFT
2024-08-29,414.94000244140625,422.04998779296875,410.6000061035156,413.1199951171875,410.0415954589844,17045200,MSFT
2024-08-30,415.6000061035156,417.489990234375,412.1300048828125,417.1400146484375,414.03167724609375,24308300,MSFT
2024-01-02,138.5500030517578,139.4499969482422,136.47999572753906,138.1699981689453,137.2235565185547,23711200,GOOGL
2024-01-03,137.25,139.6300048828125,137.0800018310547,138.9199981689453,137.96841430664062,24212100,GOOGL
2024-01-04,138.4199981689453,139.16000366210938,136.35000610351562,136.38999938964844,135.4557647705078,27137700,GOOGL
2024-01-05,136.75,137.16000366210938,135.14999389648438,135.72999572753906,134.80027770996094,22513900,GOOGL
2024-01-08,136.2899932861328,139.00999450683594,136.25999450683594,138.83999633789062,137.8889617919922,21404000,GOOGL
2024-01-09,138.5,141.49000549316406,138.14999389648438,140.9499969482422,139.98451232910156,24759600,GOOGL
2024-01-10,141.0,143.0,140.91000366210938,142.27999877929688,141.305419921875,21320200,GOOGL
2024-01-11,143.49000549316406,145.22000122070312,140.63999938964844,142.0800018310547,141.10678100585938,24008700,GOOGL
2024-01-12,142.6699981689453,143.1999969482422,141.82000732421875,142.64999389648438,141.67286682128906,18785500,GOOGL
2024-01-16,142.0,144.35000610351562,141.4499969482422,142.49000549316406,141.51397705078125,22670500,GOOGL
2024-01-17,141.35000610351562,141.83999633789062,138.89999389648438,141.47000122070312,140.50094604492188,20968600,GOOGL
2024-01-18,142.0500030517578,144.2100067138672,141.99000549316406,143.47999572753906,142.49720764160156,25746400,GOOGL
2024-01-19,144.74000549316406,146.4499969482422,144.3800048828125,146.3800048828125,145.37730407714844,34271900,GOOGL
2024-01-22,147.10000610351562,148.38999938964844,145.83999633789062,145.99000549316406,144.989990234375,32200400,GOOGL
2024-01-23,145.88999938964844,147.17999267578125,145.5,147.0399932861328,146.03280639648438,21636100,GOOGL
2024-01-24,148.5399932861328,149.85000610351562,148.10000610351562,148.6999969482422,147.68141174316406,25233500,GOOGL
2024-01-25,150.07000732421875,153.0500030517578,149.5399932861328,151.8699951171875,150.82969665527344,29149100,GOOGL
2024-01-26,151.10000610351562,152.5399932861328,151.00999450683594,152.19000244140625,151.14752197265625,26115500,GOOGL
2024-01-29,152.05999755859375,153.77999877929688,151.42999267578125,153.50999450683594,152.45848083496094,27784300,GOOGL
2024-01-30,152.8000030517578,153.6199951171875,151.19000244140625,151.4600067138672,150.42251586914062,36331800,GOOGL
2024-01-31,143.6199951171875,144.0,139.8699951171875,140.10000610351562,139.14031982421875,71910000,GOOGL
2024-02-01,142.1199951171875,143.05999755859375,140.7899932861328,141.16000366210938,140.19308471679688,40466500,GOOGL
2024-02-02,139.25999450683594,142.6199951171875,136.5,142.3800048828125,141.4047088623047,62499600,GOOGL
2024-02-05,142.82000732421875,145.47000122070312,142.77999877929688,143.67999267578125,142.69581604003906,38505400,GOOGL
2024-02-06,144.64999389648438,145.36000061035156,143.19000244140625,144.10000610351562,143.11293029785156,29128200,GOOGL
2024-02-07,144.75999450683594,145.6199951171875,143.92999267578125,145.5399932861328,144.54306030273438,25208900,GOOGL
2024-02-08,145.8300018310547,146.3300018310547,145.10000610351562,145.91000366210938,144.91055297851562,22563800,GOOGL
2024-02-09,146.67999267578125,149.44000244140625,146.17999267578125,149.0,147.9793701171875,26829500,GOOGL
2024-02-12,148.4199981689453,149.33999633789062,147.3699951171875,147.52999877929688,146.5194549560547,21564100,GOOGL
2024-02-13,144.9199981689453,146.6699981689453,143.69000244140625,145.13999938964844,144.1457977294922,27837700,GOOGL
2024-02-14,146.0800018310547,146.52000427246094,144.08999633789062,145.94000244140625,144.94032287597656,22704200,GOOGL
2024-02-15,143.13999938964844,143.52000427246094,140.4600067138672,142.77000427246094,141.79205322265625,37590700,GOOGL
2024-02-16,142.99000549316406,143.19000244140625,140.13999938964844,140.52000427246094,139.55747985839844,31468900,GOOGL
2024-02-20,139.66000366210938,142.0800018310547,139.49000549316406,141.1199951171875,140.1533660888672,25144700,GOOGL
2024-02-21,141.4499969482422,142.69000244140625,140.67999267578125,142.5500030517578,141.57354736328125,23223300,GOOGL
2024-02-22,144.92999267578125,145.0,142.8000030517578,144.08999633789062,143.10299682617188,27191900,GOOGL
2024-02-23,143.6699981689453,144.67999267578125,143.42999267578125,143.9600067138672,142.9739227294922,19493800,GOOGL
2024-02-26,142.13999938964844,142.44000244140625,137.38999938964844,137.57000732421875,136.62767028808594,53641800,GOOGL
2024-02-27,138.02000427246094,139.25,137.08999633789062,138.8800048828125,137.92869567871094,33099200,GOOGL
2024-02-28,137.89999389648438,138.00999450683594,135.41000366210938,136.3800048828125,135.44583129882812,37328600,GOOGL
2024-02-29,137.27999877929688,138.86000061035156,136.39999389648438,138.4600067138672,137.51158142089844,42133000,GOOGL
2024-03-01,138.42999267578125,138.8699951171875,136.9199981689453,137.13999938964844,136.2006072998047,31151100,GOOGL
2024-03-04,135.66000366210938,135.66000366210938,131.91000366210938,133.35000610351562,132.4365997314453,55999400,GOOGL
2024-03-05,131.8800048828125,133.24000549316406,130.6699981689453,132.6699981689453,131.76121520996094,40194800,GOOGL
2024-03-06,133.1199951171875,133.5800018310547,130.85000610351562,131.39999389648438,130.4999237060547,35318600,GOOGL
2024-03-07,132.7899932861328,134.94000244140625,131.61000061035156,134.3800048828125,133.4595184326172,37738200,GOOGL
2024-03-08,134.2100067138672,138.08999633789062,134.0,135.41000366210938,134.4824676513672,39370400,GOOGL
2024-03-11,136.1300048828125,139.10000610351562,136.1300048828125,137.6699981689453,136.7269744873047,32437800,GOOGL
2024-03-12,137.02999877929688,139.3800048828125,137.02999877929688,138.5,137.55130004882812,27563400,GOOGL
2024-03-13,139.0,141.08999633789062,138.99000549316406,139.7899932861328,138.8324432373047,23347200,GOOGL
2024-03-14,141.19000244140625,143.58999633789062,140.4600067138672,143.10000610351562,142.1197967529297,42753400,GOOGL
2024-03-15,142.5,143.17999267578125,140.02999877929688,141.17999267578125,140.21292114257812,49475400,GOOGL
2024-03-18,148.61000061035156,152.14999389648438,147.1699981689453,147.67999267578125,146.66842651367188,69273700,GOOGL
2024-03-19,148.16000366210938,148.7899932861328,146.0800018310547,147.02999877929688,146.02285766601562,24070400,GOOGL
2024-03-20,148.0,148.86000061035156,146.74000549316406,148.74000549316406,147.7211456298828,21311500,GOOGL
2024-03-21,149.47000122070312,150.3699951171875,146.89999389648438,147.60000610351562,146.5889892578125,24755600,GOOGL
2024-03-22,149.1199951171875,151.5800018310547,148.97999572753906,150.77000427246094,149.7372589111328,29211800,GOOGL
2024-03-25,149.94000244140625,150.3800048828125,147.82000732421875,150.07000732421875,149.04205322265625,19229300,GOOGL
2024-03-26,150.22000122070312,152.25999450683594,149.97999572753906,150.6699981689453,149.637939453125,22149100,GOOGL
2024-03-27,151.17999267578125,151.63999938964844,148.89999389648438,150.8699951171875,149.83656311035156,22879200,GOOGL
2024-03-28,150.85000610351562,151.42999267578125,150.1699981689453,150.92999267578125,149.89614868164062,24485400,GOOGL
2024-04-01,150.69000244140625,155.74000549316406,150.61000061035156,155.49000549316406,154.4249267578125,31730800,GOOGL
2024-04-02,153.5,154.6999969482422,152.14999389648438,154.55999755859375,153.5012664794922,24586000,GOOGL
2024-04-03,153.60000610351562,155.0800018310547,152.72999572753906,154.9199981689453,153.8588104248047,24705000,GOOGL
2024-04-04,153.5,154.77000427246094,150.4499969482422,150.52999877929688,149.4989013671875,34724700,GOOGL
2024-04-05,150.02999877929688,153.4199981689453,149.60000610351562,152.5,151.45541381835938,23459200,GOOGL
2024-04-08,152.77999877929688,155.27000427246094,152.61000061035156,154.85000610351562,153.789306640625,20702000,GOOGL
2024-04-09,156.08999633789062,158.55999755859375,155.19000244140625,156.60000610351562,155.5272979736328,31079500,GOOGL
2024-04-10,156.2100067138672,156.61000061035156,154.67999267578125,156.13999938964844,155.07046508789062,22838600,GOOGL
2024-04-11,156.91000366210938,159.67999267578125,156.4600067138672,159.41000366210938,158.3180694580078,27166400,GOOGL
2024-04-12,157.9600067138672,160.22000122070312,157.13999938964844,157.72999572753906,156.64956665039062,25353700,GOOGL
2024-04-15,158.86000061035156,159.24000549316406,154.58999633789062,154.86000061035156,153.79925537109375,27136500,GOOGL
2024-04-16,154.19000244140625,155.64999389648438,153.42999267578125,154.39999389648438,153.34237670898438,20779500,GOOGL
2024-04-17,155.6199951171875,157.0800018310547,154.5800018310547,155.47000122070312,154.40504455566406,21763100,GOOGL
2024-04-18,155.33999633789062,156.94000244140625,154.6199951171875,156.00999450683594,154.9413604736328,19883000,GOOGL
2024-04-19,156.1999969482422,156.36000061035156,152.3000030517578,154.08999633789062,153.0345001220703,32615600,GOOGL
2024-04-22,154.30999755859375,157.63999938964844,154.05999755859375,156.27999877929688,155.20948791503906,26446200,GOOGL
2024-04-23,156.9600067138672,158.97000122070312,156.27999877929688,158.25999450683594,157.1759490966797,21151600,GOOGL
2024-04-24,157.49000549316406,159.57000732421875,157.1699981689453,159.1300048828125,158.0399932861328,22779100,GOOGL
2024-04-25,151.3300018310547,156.49000549316406,150.8699951171875,156.0,154.93141174316406,57109700,GOOGL
2024-04-26,174.3699951171875,174.7100067138672,169.64999389648438,171.9499969482422,170.7721710205078,64665300,GOOGL
2024-04-29,169.05999755859375,169.5500030517578,165.2100067138672,166.14999389648438,165.01190185546875,45610000,GOOGL
2024-04-30,165.61000061035156,168.10000610351562,162.60000610351562,162.77999877929688,161.6649932861328,33562900,GOOGL
2024-05-01,164.3000030517578,167.1199951171875,163.08999633789062,163.86000061035156,162.7375946044922,33493200,GOOGL
2024-05-02,164.7899932861328,166.72999572753906,163.88999938964844,166.6199951171875,165.4786834716797,24294500,GOOGL
2024-05-03,167.55999755859375,167.9600067138672,163.0500030517578,167.24000549316406,166.0944366455078,34662400,GOOGL
2024-05-06,167.4600067138672,168.13999938964844,166.02999877929688,168.10000610351562,166.94854736328125,21871300,GOOGL
2024-05-07,168.5,171.75999450683594,168.38999938964844,171.25,170.07696533203125,28039700,GOOGL
2024-05-08,169.0,170.14999389648438,168.74000549316406,169.3800048828125,168.2197723388672,19569100,GOOGL
2024-05-09,169.38999938964844,170.69000244140625,168.17999267578125,169.9600067138672,168.7958221435547,15346700,GOOGL
2024-05-10,168.02999877929688,169.85000610351562,166.19000244140625,168.64999389648438,167.4947509765625,29799900,GOOGL
2024-05-13,164.25999450683594,169.27999877929688,164.0,169.13999938964844,167.98141479492188,31327600,GOOGL
2024-05-14,169.77000427246094,171.25,168.8000030517578,170.33999633789062,169.17318725585938,25127100,GOOGL
2024-05-15,170.6300048828125,172.64999389648438,170.50999450683594,172.50999450683594,171.32833862304688,26948400,GOOGL
2024-05-16,173.2899932861328,175.1199951171875,172.69000244140625,174.17999267578125,172.98687744140625,27867900,GOOGL
2024-05-17,174.17999267578125,176.27000427246094,173.69000244140625,176.05999755859375,174.85400390625,24479300,GOOGL
2024-05-20,176.19000244140625,178.77000427246094,176.0800018310547,176.9199981689453,175.70811462402344,22554400,GOOGL
2024-05-21,176.89999389648438,178.14999389648438,175.80999755859375,177.85000610351562,176.63177490234375,16989400,GOOGL
2024-05-22,176.63999938964844,177.14999389648438,175.2100067138672,176.3800048828125,175.17181396484375,17880000,GOOGL
2024-05-23,177.07000732421875,178.25,172.9499969482422,173.5500030517578,172.36122131347656,21024900,GOOGL
2024-05-24,174.97999572753906,175.77000427246094,173.64999389648438,174.99000549316406,173.79136657714844,16579400,GOOGL
2024-05-28,174.4499969482422,177.27000427246094,174.3699951171875,176.39999389648438,175.19166564941406,20572200,GOOGL
2024-05-29,175.42999267578125,176.83999633789062,174.72000122070312,175.89999389648438,174.69509887695312,23388700,GOOGL
2024-05-30,175.1999969482422,175.22000122070312,171.7899932861328,172.11000061035156,170.9310760498047,22931500,GOOGL
2024-05-31,171.86000061035156,173.05999755859375,169.44000244140625,172.5,171.31837463378906,37638900,GOOGL
2024-06-03,172.5399932861328,174.52999877929688,171.16000366210938,173.1699981689453,171.9838104248047,27459100,GOOGL
2024-06-04,173.27999877929688,173.85000610351562,171.88999938964844,173.7899932861328,172.5995635986328,26879600,GOOGL
2024-06-05,175.1999969482422,176.64999389648438,173.92999267578125,175.41000366210938,174.20846557617188,22068500,GOOGL
2024-06-06,175.89999389648438,177.14999389648438,175.75,176.72999572753906,175.51942443847656,23251000,GOOGL
2024-06-07,177.0500030517578,177.8699951171875,174.3000030517578,174.4600067138672,173.2649688720703,19661400,GOOGL
2024-06-10,174.97000122070312,177.05999755859375,172.75999450683594,175.00999450683594,174.01068115234375,23726700,GOOGL
2024-06-11,176.22000122070312,176.83999633789062,173.77000427246094,176.6199951171875,175.6114959716797,21540600,GOOGL
2024-06-12,178.25,180.41000366210938,176.11000061035156,177.7899932861328,176.77479553222656,27864700,GOOGL
2024-06-13,176.11000061035156,176.74000549316406,174.8800048828125,175.16000366210938,174.1598358154297,20913300,GOOGL
2024-06-14,174.22000122070312,177.05999755859375,174.14999389648438,176.7899932861328,175.78053283691406,18063600,GOOGL
2024-06-17,175.4600067138672,178.36000061035156,174.80999755859375,177.24000549316406,176.22796630859375,19618500,GOOGL
2024-06-18,177.13999938964844,177.38999938964844,174.10000610351562,175.08999633789062,174.09022521972656,21869900,GOOGL
2024-06-20,175.3699951171875,177.2899932861328,174.99000549316406,176.3000030517578,175.29330444335938,20160100,GOOGL
2024-06-21,177.0,180.85000610351562,176.61000061035156,179.6300048828125,178.60430908203125,57759000,GOOGL
2024-06-24,180.16000366210938,180.88999938964844,178.6699981689453,179.22000122070312,178.19664001464844,18298000,GOOGL
2024-06-25,179.6199951171875,184.2899932861328,179.4199981689453,184.02999877929688,182.9791717529297,23130200,GOOGL
2024-06-26,182.6300048828125,184.50999450683594,182.47999572753906,183.8800048828125,182.83004760742188,19839000,GOOGL
2024-06-27,184.17999267578125,186.0500030517578,184.02000427246094,185.41000366210938,184.351318359375,18848900,GOOGL
2024-06-28,184.32000732421875,185.1300048828125,181.9600067138672,182.14999389648438,181.10989379882812,29156600,GOOGL
2024-07-01,183.02999877929688,183.8800048828125,181.3000030517578,182.99000549316406,181.9451141357422,16006100,GOOGL
2024-07-02,182.0500030517578,185.57000732421875,181.55999755859375,185.24000549316406,184.18228149414062,17372500,GOOGL
2024-07-03,184.85000610351562,186.08999633789062,184.0,185.82000732421875,184.7589569091797,10242100,GOOGL
2024-07-05,185.86000061035156,190.86000061035156,185.8000030517578,190.60000610351562,189.51168823242188,20967500,GOOGL
2024-07-08,189.89999389648438,190.1699981689453,187.77999877929688,189.02999877929688,187.95062255859375,21035900,GOOGL
2024-07-09,190.30999755859375,191.36000061035156,188.72000122070312,188.97999572753906,187.9009246826172,15121400,GOOGL
2024-07-10,189.14999389648438,191.75,189.02999877929688,191.17999267578125,190.08834838867188,15952500,GOOGL
2024-07-11,189.85000610351562,190.86000061035156,185.0800018310547,185.57000732421875,184.51040649414062,25625800,GOOGL
2024-07-12,185.0800018310547,187.11000061035156,184.49000549316406,185.07000732421875,184.01324462890625,22898400,GOOGL
2024-07-15,184.9199981689453,188.24000549316406,184.9199981689453,186.52999877929688,185.4649200439453,16474000,GOOGL
2024-07-16,187.36000061035156,188.67999267578125,183.3699951171875,183.9199981689453,182.86981201171875,18290700,GOOGL
2024-07-17,182.97000122070312,183.5500030517578,179.89999389648438,181.02000427246094,179.9863739013672,20734100,GOOGL
2024-07-18,181.92999267578125,182.5,176.47000122070312,177.69000244140625,176.67538452148438,25315700,GOOGL
2024-07-19,178.8800048828125,180.2899932861328,177.1300048828125,177.66000366210938,176.64556884765625,18881900,GOOGL
2024-07-22,180.58999633789062,182.6999969482422,180.22999572753906,181.6699981689453,180.6326446533203,24100300,GOOGL
2024-07-23,182.0500030517578,183.61000061035156,181.5399932861328,181.7899932861328,180.751953125,36352700,GOOGL
2024-07-24,173.60000610351562,176.19000244140625,171.82000732421875,172.6300048828125,171.644287109375,49585200,GOOGL
2024-07-25,172.52000427246094,173.4199981689453,167.19000244140625,167.27999877929688,166.32481384277344,44852000,GOOGL
2024-07-26,167.14999389648438,168.08999633789062,164.05999755859375,167.0,166.04641723632812,41336900,GOOGL
2024-07-29,168.8300018310547,170.42999267578125,167.99000549316406,169.52999877929688,168.56195068359375,20293800,GOOGL
2024-07-30,170.24000549316406,171.22999572753906,168.44000244140625,170.2899932861328,169.317626953125,18959700,GOOGL
2024-07-31,173.24000549316406,174.25,170.00999450683594,171.5399932861328,170.56048583984375,25729100,GOOGL
2024-08-01,170.25,174.0500030517578,168.8800048828125,170.75999450683594,169.78494262695312,24531400,GOOGL
2024-08-02,166.44000244140625,168.50999450683594,164.6699981689453,166.66000366210938,165.7083740234375,29130100,GOOGL
2024-08-05,155.5,164.42999267578125,154.92999267578125,159.25,158.34068298339844,53630700,GOOGL
2024-08-06,159.3300018310547,160.57000732421875,156.41000366210938,158.2899932861328,157.3861541748047,49004600,GOOGL
2024-08-07,161.25,162.97999572753906,158.47000122070312,158.94000244140625,158.03245544433594,25138600,GOOGL
2024-08-08,160.50999450683594,163.69000244140625,160.2100067138672,162.02999877929688,161.1048126220703,25578800,GOOGL
2024-08-09,160.00999450683594,163.7899932861328,159.05999755859375,163.6699981689453,162.73544311523438,28602300,GOOGL
2024-08-12,164.35000610351562,164.89999389648438,161.83999633789062,162.2899932861328,161.36331176757812,15895300,GOOGL
2024-08-13,163.41000366210938,164.72999572753906,162.97000122070312,164.16000366210938,163.22262573242188,18551700,GOOGL
2024-08-14,162.39999389648438,163.22000122070312,157.7100067138672,160.3699951171875,159.4542694091797,40591100,GOOGL
2024-08-15,160.5,161.63999938964844,159.61000061035156,161.3000030517578,160.3789825439453,31524300,GOOGL
2024-08-16,161.47000122070312,165.05999755859375,161.1300048828125,162.9600067138672,162.0294952392578,24208600,GOOGL
2024-08-19,165.27999877929688,166.69000244140625,164.25999450683594,166.6699981689453,165.71832275390625,22416200,GOOGL
2024-08-20,166.89999389648438,168.63999938964844,166.82000732421875,167.17999267578125,166.22540283203125,18341500,GOOGL
2024-08-21,165.14999389648438,166.85000610351562,164.6699981689453,165.85000610351562,164.9029998779297,22902000,GOOGL
2024-08-22,167.25999450683594,167.58999633789062,163.30999755859375,163.8000030517578,162.8647003173828,22493300,GOOGL
2024-08-23,164.72000122070312,166.17999267578125,163.8300018310547,165.6199951171875,164.67431640625,13955700,GOOGL
2024-08-26,166.3800048828125,167.5500030517578,164.4600067138672,166.16000366210938,165.21121215820312,14190400,GOOGL
2024-08-27,165.83999633789062,166.44000244140625,164.4600067138672,164.67999267578125,163.73965454101562,11821900,GOOGL
2024-08-28,165.0399932861328,165.60000610351562,161.52999877929688,162.85000610351562,161.92013549804688,16407400,GOOGL
2024-08-29,164.30999755859375,165.97000122070312,160.25,161.77999877929688,160.85623168945312,19699800,GOOGL
2024-08-30,162.6199951171875,163.66000366210938,161.69000244140625,163.3800048828125,162.44711303710938,22123800,GOOGL
2024-01-02,250.0800018310547,251.25,244.41000366210938,248.4199981689453,248.4199981689453,104654200,TSLA
2024-01-03,244.97999572753906,245.67999267578125,236.32000732421875,238.4499969482422,238.4499969482422,121082600,TSLA
2024-01-04,239.25,242.6999969482422,237.72999572753906,237.92999267578125,237.92999267578125,102629300,TSLA
2024-01-05,236.86000061035156,240.1199951171875,234.89999389648438,237.49000549316406,237.49000549316406,92488900,TSLA
2024-01-08,236.13999938964844,241.25,235.3000030517578,240.4499969482422,240.4499969482422,85166600,TSLA
2024-01-09,238.11000061035156,238.9600067138672,232.0399932861328,234.9600067138672,234.9600067138672,96705700,TSLA
2024-01-10,235.10000610351562,235.5,231.2899932861328,233.94000244140625,233.94000244140625,91628500,TSLA
2024-01-11,230.57000732421875,230.92999267578125,225.3699951171875,227.22000122070312,227.22000122070312,105873600,TSLA
2024-01-12,220.0800018310547,225.33999633789062,217.14999389648438,218.88999938964844,218.88999938964844,123043800,TSLA
2024-01-16,215.10000610351562,223.49000549316406,212.17999267578125,219.91000366210938,219.91000366210938,115355000,TSLA
2024-01-17,214.86000061035156,215.6699981689453,212.00999450683594,215.5500030517578,215.5500030517578,103164400,TSLA
2024-01-18,216.8800048828125,217.4499969482422,208.74000549316406,211.8800048828125,211.8800048828125,108595400,TSLA
2024-01-19,209.99000549316406,213.19000244140625,207.55999755859375,212.19000244140625,212.19000244140625,102260300,TSLA
2024-01-22,212.25999450683594,217.8000030517578,206.27000427246094,208.8000030517578,208.8000030517578,117952500,TSLA
2024-01-23,211.3000030517578,215.64999389648438,207.75,209.13999938964844,209.13999938964844,106605900,TSLA
2024-01-24,211.8800048828125,212.72999572753906,206.77000427246094,207.8300018310547,207.8300018310547,123369900,TSLA
2024-01-25,189.6999969482422,193.0,180.05999755859375,182.6300048828125,182.6300048828125,198076800,TSLA
2024-01-26,185.5,186.77999877929688,182.10000610351562,183.25,183.25,107343200,TSLA
2024-01-29,185.6300048828125,191.47999572753906,183.6699981689453,190.92999267578125,190.92999267578125,125013100,TSLA
2024-01-30,195.3300018310547,196.36000061035156,190.61000061035156,191.58999633789062,191.58999633789062,109982300,TSLA
2024-01-31,187.0,193.97000122070312,185.85000610351562,187.2899932861328,187.2899932861328,103221400,TSLA
2024-02-01,188.5,189.8800048828125,184.27999877929688,188.86000061035156,188.86000061035156,91843300,TSLA
2024-02-02,185.0399932861328,188.69000244140625,182.0,187.91000366210938,187.91000366210938,110612700,TSLA
2024-02-05,184.25999450683594,184.67999267578125,175.00999450683594,181.05999755859375,181.05999755859375,134294400,TSLA
2024-02-06,177.2100067138672,186.49000549316406,177.11000061035156,185.10000610351562,185.10000610351562,122676000,TSLA
2024-02-07,188.17999267578125,189.7899932861328,182.67999267578125,187.5800018310547,187.5800018310547,111535200,TSLA
2024-02-08,189.0,191.6199951171875,185.5800018310547,189.55999755859375,189.55999755859375,83034000,TSLA
2024-02-09,190.17999267578125,194.1199951171875,189.47999572753906,193.57000732421875,193.57000732421875,84476300,TSLA
2024-02-12,192.11000061035156,194.72999572753906,187.27999877929688,188.1300048828125,188.1300048828125,95498600,TSLA
2024-02-13,183.99000549316406,187.25999450683594,182.11000061035156,184.02000427246094,184.02000427246094,86759500,TSLA
2024-02-14,185.3000030517578,188.88999938964844,183.35000610351562,188.7100067138672,188.7100067138672,81203000,TSLA
2024-02-15,189.16000366210938,200.8800048828125,188.86000061035156,200.4499969482422,200.4499969482422,120831800,TSLA
2024-02-16,202.05999755859375,203.1699981689453,197.39999389648438,199.9499969482422,199.9499969482422,111346700,TSLA
2024-02-20,196.1300048828125,198.60000610351562,189.1300048828125,193.75999450683594,193.75999450683594,104545800,TSLA
2024-02-21,193.36000061035156,199.44000244140625,191.9499969482422,194.77000427246094,194.77000427246094,103500300,TSLA
2024-02-22,194.0,198.32000732421875,191.36000061035156,197.41000366210938,197.41000366210938,92739500,TSLA
2024-02-23,195.30999755859375,197.57000732421875,191.5,191.97000122070312,191.97000122070312,78841900,TSLA
2024-02-26,192.2899932861328,201.77999877929688,192.0,199.39999389648438,199.39999389648438,111747100,TSLA
2024-02-27,204.0399932861328,205.60000610351562,198.25999450683594,199.72999572753906,199.72999572753906,108645400,TSLA
2024-02-28,200.4199981689453,205.3000030517578,198.44000244140625,202.0399932861328,202.0399932861328,99806200,TSLA
2024-02-29,204.17999267578125,205.27999877929688,198.4499969482422,201.8800048828125,201.8800048828125,85907000,TSLA
2024-03-01,200.52000427246094,204.52000427246094,198.5,202.63999938964844,202.63999938964844,82243100,TSLA
2024-03-04,198.72999572753906,199.75,186.72000122070312,188.13999938964844,188.13999938964844,134334900,TSLA
2024-03-05,183.0500030517578,184.58999633789062,177.57000732421875,180.74000549316406,180.74000549316406,119660800,TSLA
2024-03-06,179.99000549316406,181.5800018310547,173.6999969482422,176.5399932861328,176.5399932861328,107920900,TSLA
2024-03-07,174.35000610351562,180.0399932861328,173.6999969482422,178.64999389648438,178.64999389648438,102129000,TSLA
2024-03-08,181.5,182.72999572753906,174.6999969482422,175.33999633789062,175.33999633789062,85544600,TSLA
2024-03-11,175.4499969482422,182.8699951171875,174.8000030517578,177.77000427246094,177.77000427246094,85391500,TSLA
2024-03-12,177.77000427246094,179.42999267578125,172.41000366210938,177.5399932861328,177.5399932861328,87391700,TSLA
2024-03-13,173.0500030517578,176.0500030517578,169.14999389648438,169.47999572753906,169.47999572753906,106524500,TSLA
2024-03-14,167.77000427246094,171.1699981689453,160.50999450683594,162.5,162.5,126325700,TSLA
2024-03-15,163.16000366210938,165.17999267578125,160.75999450683594,163.57000732421875,163.57000732421875,97146800,TSLA
2024-03-18,170.02000427246094,174.72000122070312,165.89999389648438,173.8000030517578,173.8000030517578,108214400,TSLA
2024-03-19,172.36000061035156,172.82000732421875,167.4199981689453,171.32000732421875,171.32000732421875,77271400,TSLA
2024-03-20,173.0,176.25,170.82000732421875,175.66000366210938,175.66000366210938,83846700,TSLA
2024-03-21,176.38999938964844,178.17999267578125,171.8000030517578,172.82000732421875,172.82000732421875,73178000,TSLA
2024-03-22,166.69000244140625,171.1999969482422,166.3000030517578,170.8300018310547,170.8300018310547,75580600,TSLA
2024-03-25,168.75999450683594,175.24000549316406,168.72999572753906,172.6300048828125,172.6300048828125,74228600,TSLA
2024-03-26,178.5800018310547,184.25,177.3800048828125,177.6699981689453,177.6699981689453,113186200,TSLA
2024-03-27,181.41000366210938,181.91000366210938,176.0,179.8300018310547,179.8300018310547,81804000,TSLA
2024-03-28,177.4499969482422,179.57000732421875,175.3000030517578,175.7899932861328,175.7899932861328,77654800,TSLA
2024-04-01,176.1699981689453,176.75,170.2100067138672,175.22000122070312,175.22000122070312,81562100,TSLA
2024-04-02,164.75,167.69000244140625,163.42999267578125,166.6300048828125,166.6300048828125,116650600,TSLA
2024-04-03,164.02000427246094,168.82000732421875,163.27999877929688,168.3800048828125,168.3800048828125,82950100,TSLA
2024-04-04,170.07000732421875,177.19000244140625,168.00999450683594,171.11000061035156,171.11000061035156,123162000,TSLA
2024-04-05,169.0800018310547,170.86000061035156,160.50999450683594,164.89999389648438,164.89999389648438,143157600,TSLA
2024-04-08,169.33999633789062,174.5,167.7899932861328,172.97999572753906,172.97999572753906,104423300,TSLA
2024-04-09,172.91000366210938,179.22000122070312,171.9199981689453,176.8800048828125,176.8800048828125,102951700,TSLA
2024-04-10,173.0399932861328,174.92999267578125,170.00999450683594,171.75999450683594,171.75999450683594,84532400,TSLA
2024-04-11,172.5500030517578,175.8800048828125,168.50999450683594,174.60000610351562,174.60000610351562,94516000,TSLA
2024-04-12,172.33999633789062,173.80999755859375,170.36000061035156,171.0500030517578,171.0500030517578,64722700,TSLA
2024-04-15,170.24000549316406,170.69000244140625,161.3800048828125,161.47999572753906,161.47999572753906,100245300,TSLA
2024-04-16,156.74000549316406,158.19000244140625,153.75,157.11000061035156,157.11000061035156,97000000,TSLA
2024-04-17,157.63999938964844,158.3300018310547,153.77999877929688,155.4499969482422,155.4499969482422,82439700,TSLA
2024-04-18,151.25,152.1999969482422,148.6999969482422,149.92999267578125,149.92999267578125,96098800,TSLA
2024-04-19,148.97000122070312,150.94000244140625,146.22000122070312,147.0500030517578,147.0500030517578,87074500,TSLA
2024-04-22,140.55999755859375,144.44000244140625,138.8000030517578,142.0500030517578,142.0500030517578,107097600,TSLA
2024-04-23,143.3300018310547,147.25999450683594,141.11000061035156,144.67999267578125,144.67999267578125,124545100,TSLA
2024-04-24,162.83999633789062,167.97000122070312,157.50999450683594,162.1300048828125,162.1300048828125,181178000,TSLA
2024-04-25,158.9600067138672,170.8800048828125,158.36000061035156,170.17999267578125,170.17999267578125,126427500,TSLA
2024-04-26,168.85000610351562,172.1199951171875,166.3699951171875,168.2899932861328,168.2899932861328,109815700,TSLA
2024-04-29,188.4199981689453,198.8699951171875,184.5399932861328,194.0500030517578,194.0500030517578,243869700,TSLA
2024-04-30,186.97999572753906,190.9499969482422,182.83999633789062,183.27999877929688,183.27999877929688,127031800,TSLA
2024-05-01,182.0,185.86000061035156,179.00999450683594,179.99000549316406,179.99000549316406,92829700,TSLA
2024-05-02,182.86000061035156,184.60000610351562,176.02000427246094,180.00999450683594,180.00999450683594,89148000,TSLA
2024-05-03,182.10000610351562,184.77999877929688,178.4199981689453,181.19000244140625,181.19000244140625,75491500,TSLA
2024-05-06,183.8000030517578,187.55999755859375,182.1999969482422,184.75999450683594,184.75999450683594,84390300,TSLA
2024-05-07,182.39999389648438,183.25999450683594,177.39999389648438,177.80999755859375,177.80999755859375,75045900,TSLA
2024-05-08,171.58999633789062,176.05999755859375,170.14999389648438,174.72000122070312,174.72000122070312,79969500,TSLA
2024-05-09,175.00999450683594,175.6199951171875,171.3699951171875,171.97000122070312,171.97000122070312,65950300,TSLA
2024-05-10,173.0500030517578,173.05999755859375,167.75,168.47000122070312,168.47000122070312,72627200,TSLA
2024-05-13,170.0,175.39999389648438,169.0,171.88999938964844,171.88999938964844,67018900,TSLA
2024-05-14,174.5,179.49000549316406,174.07000732421875,177.5500030517578,177.5500030517578,86407400,TSLA
2024-05-15,179.89999389648438,180.0,173.11000061035156,173.99000549316406,173.99000549316406,79663000,TSLA
2024-05-16,174.10000610351562,175.7899932861328,171.42999267578125,174.83999633789062,174.83999633789062,59812200,TSLA
2024-05-17,173.5500030517578,179.6300048828125,172.75,177.4600067138672,177.4600067138672,77445800,TSLA
2024-05-20,177.55999755859375,177.75,173.52000427246094,174.9499969482422,174.9499969482422,61727400,TSLA
2024-05-21,175.50999450683594,186.8800048828125,174.7100067138672,186.60000610351562,186.60000610351562,115266500,TSLA
2024-05-22,182.85000610351562,183.8000030517578,178.1199951171875,180.11000061035156,180.11000061035156,88313500,TSLA
2024-05-23,181.8000030517578,181.89999389648438,173.25999450683594,173.74000549316406,173.74000549316406,71975500,TSLA
2024-05-24,174.83999633789062,180.0800018310547,173.72999572753906,179.24000549316406,179.24000549316406,65584500,TSLA
2024-05-28,176.39999389648438,178.25,173.16000366210938,176.75,176.75,59736600,TSLA
2024-05-29,174.19000244140625,178.14999389648438,173.92999267578125,176.19000244140625,176.19000244140625,54782600,TSLA
2024-05-30,178.5800018310547,182.6699981689453,175.3800048828125,178.7899932861328,178.7899932861328,77618400,TSLA
2024-05-31,178.5,180.32000732421875,173.82000732421875,178.0800018310547,178.0800018310547,67314600,TSLA
2024-06-03,178.1300048828125,182.63999938964844,174.49000549316406,176.2899932861328,176.2899932861328,68568900,TSLA
2024-06-04,174.77999877929688,177.75999450683594,174.0,174.77000427246094,174.77000427246094,60056300,TSLA
2024-06-05,175.35000610351562,176.14999389648438,172.1300048828125,175.0,175.0,57953800,TSLA
2024-06-06,174.60000610351562,179.72999572753906,172.72999572753906,177.94000244140625,177.94000244140625,69887000,TSLA
2024-06-07,176.1300048828125,179.35000610351562,175.5800018310547,177.47999572753906,177.47999572753906,56244900,TSLA
2024-06-10,176.05999755859375,178.57000732421875,173.1699981689453,173.7899932861328,173.7899932861328,50774600,TSLA
2024-06-11,173.9199981689453,174.75,167.41000366210938,170.66000366210938,170.66000366210938,64761900,TSLA
2024-06-12,171.1199951171875,180.5500030517578,169.8000030517578,177.2899932861328,177.2899932861328,90389400,TSLA
2024-06-13,188.38999938964844,191.0800018310547,181.22999572753906,182.47000122070312,182.47000122070312,118984100,TSLA
2024-06-14,185.8000030517578,186.0,176.9199981689453,178.00999450683594,178.00999450683594,82038200,TSLA
2024-06-17,177.9199981689453,188.80999755859375,177.0,187.44000244140625,187.44000244140625,109786100,TSLA
2024-06-18,186.55999755859375,187.1999969482422,182.3699951171875,184.86000061035156,184.86000061035156,68982300,TSLA
2024-06-20,184.67999267578125,185.2100067138672,179.66000366210938,181.57000732421875,181.57000732421875,55893100,TSLA
2024-06-21,182.3000030517578,183.9499969482422,180.69000244140625,183.00999450683594,183.00999450683594,61937300,TSLA
2024-06-24,184.97000122070312,188.8000030517578,182.5500030517578,182.5800018310547,182.5800018310547,61992100,TSLA
2024-06-25,184.39999389648438,187.97000122070312,182.00999450683594,187.35000610351562,187.35000610351562,62905700,TSLA
2024-06-26,186.5399932861328,197.75999450683594,186.36000061035156,196.3699951171875,196.3699951171875,95737100,TSLA
2024-06-27,195.1699981689453,198.72000122070312,194.0500030517578,197.4199981689453,197.4199981689453,72746500,TSLA
2024-06-28,199.5500030517578,203.1999969482422,195.25999450683594,197.8800048828125,197.8800048828125,95438100,TSLA
2024-07-01,201.02000427246094,213.22999572753906,200.85000610351562,209.86000061035156,209.86000061035156,135691400,TSLA
2024-07-02,218.88999938964844,231.3000030517578,218.05999755859375,231.25999450683594,231.25999450683594,205047900,TSLA
2024-07-03,234.55999755859375,248.35000610351562,234.25,246.38999938964844,246.38999938964844,166561500,TSLA
2024-07-05,249.80999755859375,252.3699951171875,242.4600067138672,251.52000427246094,251.52000427246094,154501200,TSLA
2024-07-08,247.7100067138672,259.44000244140625,244.57000732421875,252.94000244140625,252.94000244140625,157219600,TSLA
2024-07-09,251.0,265.6099853515625,250.3000030517578,262.3299865722656,262.3299865722656,160210900,TSLA
2024-07-10,262.79998779296875,267.5899963378906,257.8599853515625,263.260009765625,263.260009765625,128519400,TSLA
2024-07-11,263.29998779296875,271.0,239.64999389648438,241.02999877929688,241.02999877929688,221707300,TSLA
2024-07-12,235.8000030517578,251.83999633789062,233.08999633789062,248.22999572753906,248.22999572753906,155955800,TSLA
2024-07-15,255.97000122070312,265.6000061035156,251.72999572753906,252.63999938964844,252.63999938964844,146912900,TSLA
2024-07-16,255.30999755859375,258.6199951171875,245.8000030517578,256.55999755859375,256.55999755859375,126332500,TSLA
2024-07-17,252.72999572753906,258.4700012207031,246.17999267578125,248.5,248.5,115584800,TSLA
2024-07-18,251.08999633789062,257.1400146484375,247.1999969482422,249.22999572753906,249.22999572753906,110869000,TSLA
2024-07-19,247.7899932861328,249.44000244140625,236.8300018310547,239.1999969482422,239.1999969482422,87403900,TSLA
2024-07-22,244.2100067138672,253.2100067138672,243.75,251.50999450683594,251.50999450683594,101225400,TSLA
2024-07-23,253.60000610351562,255.75999450683594,245.6300048828125,246.3800048828125,246.3800048828125,111928200,TSLA
2024-07-24,225.4199981689453,225.99000549316406,214.7100067138672,215.99000549316406,215.99000549316406,167942900,TSLA
2024-07-25,216.8000030517578,226.0,216.22999572753906,220.25,220.25,100636500,TSLA
2024-07-26,221.19000244140625,222.27999877929688,215.3300018310547,219.8000030517578,219.8000030517578,94604100,TSLA
2024-07-29,224.89999389648438,234.27000427246094,224.6999969482422,232.10000610351562,232.10000610351562,129201800,TSLA
2024-07-30,232.25,232.41000366210938,220.0,222.6199951171875,222.6199951171875,100560300,TSLA
2024-07-31,227.89999389648438,234.67999267578125,226.7899932861328,232.07000732421875,232.07000732421875,67497000,TSLA
2024-08-01,227.69000244140625,231.8699951171875,214.3300018310547,216.86000061035156,216.86000061035156,83861900,TSLA
2024-08-02,214.8800048828125,216.1300048828125,205.77999877929688,207.6699981689453,207.6699981689453,82880100,TSLA
2024-08-05,185.22000122070312,203.8800048828125,182.0,198.8800048828125,198.8800048828125,100308800,TSLA
2024-08-06,200.75,202.89999389648438,192.6699981689453,200.63999938964844,200.63999938964844,73783900,TSLA
2024-08-07,200.77000427246094,203.49000549316406,191.47999572753906,191.75999450683594,191.75999450683594,71159800,TSLA
2024-08-08,195.6999969482422,200.6999969482422,192.0399932861328,198.83999633789062,198.83999633789062,65033900,TSLA
2024-08-09,197.0500030517578,200.8800048828125,195.11000061035156,200.0,200.0,58648300,TSLA
2024-08-12,199.02000427246094,199.25999450683594,194.6699981689453,197.49000549316406,197.49000549316406,64044900,TSLA
2024-08-13,198.47000122070312,208.49000549316406,197.05999755859375,207.8300018310547,207.8300018310547,76247400,TSLA
2024-08-14,207.38999938964844,208.44000244140625,198.75,201.3800048828125,201.3800048828125,70250000,TSLA
2024-08-15,205.02000427246094,215.8800048828125,204.82000732421875,214.13999938964844,214.13999938964844,89848500,TSLA
2024-08-16,211.14999389648438,219.8000030517578,210.8000030517578,216.1199951171875,216.1199951171875,88765100,TSLA
2024-08-19,217.07000732421875,222.97999572753906,214.08999633789062,222.72000122070312,222.72000122070312,76435200,TSLA
2024-08-20,224.8800048828125,228.22000122070312,219.55999755859375,221.10000610351562,221.10000610351562,74001200,TSLA
2024-08-21,222.6699981689453,224.66000366210938,218.86000061035156,223.27000427246094,223.27000427246094,70146000,TSLA
2024-08-22,223.82000732421875,224.8000030517578,210.32000732421875,210.66000366210938,210.66000366210938,79514500,TSLA
2024-08-23,214.4600067138672,221.47999572753906,214.2100067138672,220.32000732421875,220.32000732421875,81525200,TSLA
2024-08-26,218.75,219.08999633789062,211.00999450683594,213.2100067138672,213.2100067138672,59301200,TSLA
2024-08-27,213.25,215.66000366210938,206.94000244140625,209.2100067138672,209.2100067138672,62821400,TSLA
2024-08-28,209.72000122070312,211.83999633789062,202.58999633789062,205.75,205.75,64116400,TSLA
2024-08-29,209.8000030517578,214.88999938964844,205.97000122070312,206.27999877929688,206.27999877929688,62308800,TSLA
2024-08-30,208.6300048828125,214.57000732421875,207.02999877929688,214.11000061035156,214.11000061035156,63370600,TSLA
2024-01-02,151.5399932861328,152.3800048828125,148.38999938964844,149.92999267578125,149.92999267578125,47339400,AMZN
2024-01-03,149.1999969482422,151.0500030517578,148.3300018310547,148.47000122070312,148.47000122070312,49425500,AMZN
2024-01-04,145.58999633789062,147.3800048828125,144.0500030517578,144.57000732421875,144.57000732421875,56039800,AMZN
2024-01-05,144.69000244140625,146.58999633789062,144.52999877929688,145.24000549316406,145.24000549316406,45153100,AMZN
2024-01-08,146.74000549316406,149.39999389648438,146.14999389648438,149.10000610351562,149.10000610351562,46757100,AMZN
2024-01-09,148.3300018310547,151.7100067138672,148.2100067138672,151.3699951171875,151.3699951171875,43812600,AMZN
2024-01-10,152.05999755859375,154.4199981689453,151.8800048828125,153.72999572753906,153.72999572753906,44421800,AMZN
2024-01-11,155.0399932861328,157.1699981689453,153.1199951171875,155.17999267578125,155.17999267578125,49072700,AMZN
2024-01-12,155.38999938964844,156.1999969482422,154.00999450683594,154.6199951171875,154.6199951171875,40484200,AMZN
2024-01-16,153.52999877929688,154.99000549316406,152.14999389648438,153.16000366210938,153.16000366210938,41384600,AMZN
2024-01-17,151.49000549316406,152.14999389648438,149.91000366210938,151.7100067138672,151.7100067138672,34953400,AMZN
2024-01-18,152.77000427246094,153.77999877929688,151.82000732421875,153.5,153.5,37850200,AMZN
2024-01-19,153.8300018310547,155.75999450683594,152.74000549316406,155.33999633789062,155.33999633789062,51651600,AMZN
2024-01-22,156.88999938964844,157.0500030517578,153.89999389648438,154.77999877929688,154.77999877929688,43687500,AMZN
2024-01-23,154.85000610351562,156.2100067138672,153.92999267578125,156.02000427246094,156.02000427246094,37986000,AMZN
2024-01-24,157.8000030517578,158.50999450683594,156.47999572753906,156.8699951171875,156.8699951171875,48547300,AMZN
2024-01-25,156.9499969482422,158.50999450683594,154.5500030517578,157.75,157.75,43638600,AMZN
2024-01-26,158.4199981689453,160.72000122070312,157.91000366210938,159.1199951171875,159.1199951171875,51047400,AMZN
2024-01-29,159.33999633789062,161.2899932861328,158.89999389648438,161.25999450683594,161.25999450683594,45270400,AMZN
2024-01-30,160.6999969482422,161.72999572753906,158.49000549316406,159.0,159.0,45207400,AMZN
2024-01-31,157.0,159.00999450683594,154.80999755859375,155.1999969482422,155.1999969482422,50284400,AMZN
2024-02-01,155.8699951171875,159.75999450683594,155.6199951171875,159.27999877929688,159.27999877929688,76542400,AMZN
2024-02-02,169.19000244140625,172.5,167.3300018310547,171.80999755859375,171.80999755859375,117218300,AMZN
2024-02-05,170.1999969482422,170.5500030517578,167.6999969482422,170.30999755859375,170.30999755859375,55081300,AMZN
2024-02-06,169.38999938964844,170.7100067138672,167.64999389648438,169.14999389648438,169.14999389648438,42505500,AMZN
2024-02-07,169.47999572753906,170.8800048828125,168.94000244140625,170.52999877929688,170.52999877929688,47174100,AMZN
2024-02-08,169.64999389648438,171.42999267578125,168.8800048828125,169.83999633789062,169.83999633789062,42316500,AMZN
2024-02-09,170.89999389648438,175.0,170.5800018310547,174.4499969482422,174.4499969482422,56986000,AMZN
2024-02-12,174.8000030517578,175.38999938964844,171.5399932861328,172.33999633789062,172.33999633789062,51050400,AMZN
2024-02-13,167.72999572753906,170.9499969482422,165.75,168.63999938964844,168.63999938964844,56345100,AMZN
2024-02-14,169.2100067138672,171.2100067138672,168.27999877929688,170.97999572753906,170.97999572753906,42815500,AMZN
2024-02-15,170.5800018310547,171.1699981689453,167.58999633789062,169.8000030517578,169.8000030517578,49855200,AMZN
2024-02-16,168.74000549316406,170.4199981689453,167.1699981689453,169.50999450683594,169.50999450683594,48107700,AMZN
2024-02-20,167.8300018310547,168.7100067138672,165.74000549316406,167.0800018310547,167.0800018310547,41980300,AMZN
2024-02-21,168.94000244140625,170.22999572753906,167.13999938964844,168.58999633789062,168.58999633789062,44420100,AMZN
2024-02-22,173.10000610351562,174.8000030517578,171.77000427246094,174.5800018310547,174.5800018310547,55392400,AMZN
2024-02-23,174.27999877929688,175.75,173.6999969482422,174.99000549316406,174.99000549316406,59715200,AMZN
2024-02-26,175.6999969482422,176.3699951171875,174.25999450683594,174.72999572753906,174.72999572753906,44368600,AMZN
2024-02-27,174.0800018310547,174.6199951171875,172.86000061035156,173.5399932861328,173.5399932861328,31141700,AMZN
2024-02-28,172.44000244140625,174.0500030517578,172.27000427246094,173.16000366210938,173.16000366210938,28180500,AMZN
2024-02-29,173.00999450683594,177.22000122070312,172.85000610351562,176.75999450683594,176.75999450683594,53805400,AMZN
2024-03-01,176.75,178.72999572753906,176.07000732421875,178.22000122070312,178.22000122070312,31981200,AMZN
2024-03-04,177.52999877929688,180.13999938964844,177.49000549316406,177.5800018310547,177.5800018310547,37381500,AMZN
2024-03-05,176.92999267578125,176.92999267578125,173.3000030517578,174.1199951171875,174.1199951171875,37228300,AMZN
2024-03-06,175.5399932861328,176.4600067138672,173.25999450683594,173.50999450683594,173.50999450683594,32090900,AMZN
2024-03-07,174.8300018310547,177.99000549316406,173.72000122070312,176.82000732421875,176.82000732421875,34063300,AMZN
2024-03-08,176.44000244140625,178.7899932861328,174.3300018310547,175.35000610351562,175.35000610351562,37893200,AMZN
2024-03-11,174.30999755859375,174.47000122070312,171.47000122070312,171.9600067138672,171.9600067138672,28484800,AMZN
2024-03-12,173.5,176.75999450683594,171.97999572753906,175.38999938964844,175.38999938964844,36610600,AMZN
2024-03-13,175.89999389648438,177.6199951171875,175.5500030517578,176.55999755859375,176.55999755859375,30772600,AMZN
2024-03-14,177.69000244140625,179.52999877929688,176.47000122070312,178.75,178.75,43705800,AMZN
2024-03-15,176.63999938964844,177.92999267578125,173.89999389648438,174.4199981689453,174.4199981689453,72147400,AMZN
2024-03-18,175.8000030517578,176.69000244140625,174.27999877929688,174.47999572753906,174.47999572753906,31250700,AMZN
2024-03-19,174.22000122070312,176.08999633789062,173.52000427246094,175.89999389648438,175.89999389648438,26880900,AMZN
2024-03-20,176.13999938964844,178.52999877929688,174.63999938964844,178.14999389648438,178.14999389648438,29947200,AMZN
2024-03-21,179.99000549316406,181.4199981689453,178.14999389648438,178.14999389648438,178.14999389648438,32824300,AMZN
2024-03-22,177.75,179.25999450683594,176.75,178.8699951171875,178.8699951171875,27995400,AMZN
2024-03-25,178.00999450683594,180.99000549316406,177.24000549316406,179.7100067138672,179.7100067138672,29815500,AMZN
2024-03-26,180.14999389648438,180.4499969482422,177.9499969482422,178.3000030517578,178.3000030517578,29659000,AMZN
2024-03-27,179.8800048828125,180.0,177.30999755859375,179.8300018310547,179.8300018310547,33272600,AMZN
2024-03-28,180.1699981689453,181.6999969482422,179.25999450683594,180.3800048828125,180.3800048828125,38051600,AMZN
2024-04-01,180.7899932861328,183.0,179.9499969482422,180.97000122070312,180.97000122070312,29174500,AMZN
2024-04-02,179.07000732421875,180.7899932861328,178.3800048828125,180.69000244140625,180.69000244140625,32611500,AMZN
2024-04-03,179.89999389648438,182.8699951171875,179.8000030517578,182.41000366210938,182.41000366210938,31046600,AMZN
2024-04-04,184.0,185.10000610351562,180.0,180.0,180.0,41624300,AMZN
2024-04-05,182.3800048828125,186.27000427246094,181.97000122070312,185.07000732421875,185.07000732421875,42374000,AMZN
2024-04-08,186.89999389648438,187.2899932861328,184.80999755859375,185.19000244140625,185.19000244140625,39221300,AMZN
2024-04-09,187.24000549316406,187.33999633789062,184.1999969482422,185.6699981689453,185.6699981689453,36520100,AMZN
2024-04-10,182.77000427246094,186.27000427246094,182.6699981689453,185.9499969482422,185.9499969482422,35879200,AMZN
2024-04-11,186.74000549316406,189.77000427246094,185.50999450683594,189.0500030517578,189.0500030517578,40020700,AMZN
2024-04-12,187.72000122070312,188.3800048828125,185.0800018310547,186.1300048828125,186.1300048828125,38608800,AMZN
2024-04-15,187.42999267578125,188.69000244140625,183.0,183.6199951171875,183.6199951171875,48052400,AMZN
2024-04-16,183.27000427246094,184.8300018310547,182.25999450683594,183.32000732421875,183.32000732421875,32891300,AMZN
2024-04-17,184.30999755859375,184.57000732421875,179.82000732421875,181.27999877929688,181.27999877929688,31359700,AMZN
2024-04-18,181.47000122070312,182.38999938964844,178.64999389648438,179.22000122070312,179.22000122070312,30723800,AMZN
2024-04-19,178.74000549316406,179.0,173.44000244140625,174.6300048828125,174.6300048828125,56000700,AMZN
2024-04-22,176.94000244140625,178.8699951171875,174.55999755859375,177.22999572753906,177.22999572753906,37924900,AMZN
2024-04-23,178.0800018310547,179.92999267578125,175.97999572753906,179.5399932861328,179.5399932861328,37046500,AMZN
2024-04-24,179.94000244140625,180.32000732421875,176.17999267578125,176.58999633789062,176.58999633789062,34185100,AMZN
2024-04-25,169.67999267578125,173.9199981689453,166.32000732421875,173.6699981689453,173.6699981689453,49249400,AMZN
2024-04-26,177.8000030517578,180.82000732421875,176.1300048828125,179.6199951171875,179.6199951171875,43919800,AMZN
2024-04-29,182.75,183.52999877929688,179.38999938964844,180.9600067138672,180.9600067138672,54063900,AMZN
2024-04-30,181.08999633789062,182.99000549316406,174.8000030517578,175.0,175.0,94639800,AMZN
2024-05-01,181.63999938964844,185.14999389648438,176.55999755859375,179.0,179.0,94645100,AMZN
2024-05-02,180.85000610351562,185.10000610351562,179.91000366210938,184.72000122070312,184.72000122070312,54303500,AMZN
2024-05-03,186.99000549316406,187.8699951171875,185.4199981689453,186.2100067138672,186.2100067138672,39172000,AMZN
2024-05-06,186.27999877929688,188.75,184.8000030517578,188.6999969482422,188.6999969482422,34725300,AMZN
2024-05-07,188.9199981689453,189.94000244140625,187.30999755859375,188.75999450683594,188.75999450683594,34048900,AMZN
2024-05-08,187.44000244140625,188.42999267578125,186.38999938964844,188.0,188.0,26136400,AMZN
2024-05-09,188.8800048828125,191.6999969482422,187.44000244140625,189.5,189.5,43368400,AMZN
2024-05-10,189.16000366210938,189.88999938964844,186.92999267578125,187.47999572753906,187.47999572753906,34141800,AMZN
2024-05-13,188.0,188.30999755859375,185.36000061035156,186.57000732421875,186.57000732421875,24898600,AMZN
2024-05-14,183.82000732421875,187.72000122070312,183.4499969482422,187.07000732421875,187.07000732421875,38698200,AMZN
2024-05-15,185.97000122070312,186.72000122070312,182.72999572753906,185.99000549316406,185.99000549316406,75459900,AMZN
2024-05-16,185.60000610351562,187.30999755859375,183.4600067138672,183.6300048828125,183.6300048828125,38834500,AMZN
2024-05-17,183.75999450683594,185.3000030517578,183.35000610351562,184.6999969482422,184.6999969482422,33175700,AMZN
2024-05-20,184.33999633789062,186.6699981689453,183.27999877929688,183.5399932861328,183.5399932861328,30511800,AMZN
2024-05-21,182.3000030517578,183.25999450683594,180.75,183.14999389648438,183.14999389648438,50839100,AMZN
2024-05-22,183.8800048828125,185.22000122070312,181.97000122070312,183.1300048828125,183.1300048828125,28148800,AMZN
2024-05-23,183.66000366210938,184.75999450683594,180.0800018310547,181.0500030517578,181.0500030517578,33670200,AMZN
2024-05-24,181.64999389648438,182.44000244140625,180.3000030517578,180.75,180.75,27471600,AMZN
2024-05-28,179.92999267578125,182.24000549316406,179.49000549316406,182.14999389648438,182.14999389648438,29927000,AMZN
2024-05-29,181.6999969482422,184.0800018310547,181.5500030517578,182.02000427246094,182.02000427246094,32009300,AMZN
2024-05-30,181.30999755859375,181.33999633789062,178.36000061035156,179.32000732421875,179.32000732421875,29184700,AMZN
2024-05-31,178.3000030517578,179.2100067138672,173.8699951171875,176.44000244140625,176.44000244140625,58903900,AMZN
2024-06-03,177.6999969482422,178.6999969482422,175.9199981689453,178.33999633789062,178.33999633789062,30786600,AMZN
2024-06-04,177.63999938964844,179.82000732421875,176.44000244140625,179.33999633789062,179.33999633789062,27198400,AMZN
2024-06-05,180.10000610351562,181.5,178.75,181.27999877929688,181.27999877929688,32116400,AMZN
2024-06-06,181.75,185.0,181.49000549316406,185.0,185.0,31371200,AMZN
2024-06-07,184.89999389648438,186.2899932861328,183.36000061035156,184.3000030517578,184.3000030517578,28021500,AMZN
2024-06-10,184.07000732421875,187.22999572753906,183.7899932861328,187.05999755859375,187.05999755859375,34445600,AMZN
2024-06-11,187.05999755859375,187.77000427246094,184.5399932861328,187.22999572753906,187.22999572753906,27265100,AMZN
2024-06-12,188.02000427246094,188.35000610351562,185.42999267578125,186.88999938964844,186.88999938964844,33984200,AMZN
2024-06-13,186.08999633789062,187.6699981689453,182.6699981689453,183.8300018310547,183.8300018310547,39721500,AMZN
2024-06-14,183.0800018310547,183.72000122070312,182.22999572753906,183.66000366210938,183.66000366210938,25456400,AMZN
2024-06-17,182.52000427246094,185.0,181.22000122070312,184.05999755859375,184.05999755859375,35601900,AMZN
2024-06-18,183.74000549316406,184.2899932861328,181.42999267578125,182.80999755859375,182.80999755859375,36659200,AMZN
2024-06-20,182.91000366210938,186.50999450683594,182.72000122070312,186.10000610351562,186.10000610351562,44726800,AMZN
2024-06-21,187.8000030517578,189.27999877929688,185.86000061035156,189.0800018310547,189.0800018310547,70792500,AMZN
2024-06-24,189.3300018310547,191.0,185.3300018310547,185.57000732421875,185.57000732421875,50610400,AMZN
2024-06-25,186.80999755859375,188.83999633789062,185.4199981689453,186.33999633789062,186.33999633789062,45366400,AMZN
2024-06-26,186.9199981689453,194.8000030517578,186.25999450683594,193.61000061035156,193.61000061035156,65103900,AMZN
2024-06-27,195.00999450683594,199.83999633789062,194.1999969482422,197.85000610351562,197.85000610351562,74397500,AMZN
2024-06-28,197.72999572753906,198.85000610351562,192.5,193.25,193.25,76930200,AMZN
2024-07-01,193.49000549316406,198.3000030517578,192.82000732421875,197.1999969482422,197.1999969482422,41192000,AMZN
2024-07-02,197.27999877929688,200.42999267578125,195.92999267578125,200.0,200.0,45600000,AMZN
2024-07-03,199.94000244140625,200.02999877929688,196.75999450683594,197.58999633789062,197.58999633789062,31597900,AMZN
2024-07-05,198.64999389648438,200.5500030517578,198.1699981689453,200.0,200.0,39858900,AMZN
2024-07-08,200.0399932861328,201.1999969482422,197.9600067138672,199.2899932861328,199.2899932861328,34767300,AMZN
2024-07-09,199.39999389648438,200.57000732421875,199.0500030517578,199.33999633789062,199.33999633789062,32700100,AMZN
2024-07-10,200.0,200.11000061035156,197.69000244140625,199.7899932861328,199.7899932861328,32883800,AMZN
2024-07-11,200.08999633789062,200.27000427246094,192.86000061035156,195.0500030517578,195.0500030517578,44565000,AMZN
2024-07-12,194.8000030517578,196.47000122070312,193.8300018310547,194.49000549316406,194.49000549316406,30598500,AMZN
2024-07-15,194.55999755859375,196.19000244140625,190.8300018310547,192.72000122070312,192.72000122070312,40683200,AMZN
2024-07-16,195.58999633789062,196.6199951171875,192.24000549316406,193.02000427246094,193.02000427246094,33994700,AMZN
2024-07-17,191.35000610351562,191.5800018310547,185.99000549316406,187.92999267578125,187.92999267578125,48076100,AMZN
2024-07-18,189.58999633789062,189.67999267578125,181.4499969482422,183.75,183.75,51043600,AMZN
2024-07-19,181.13999938964844,184.92999267578125,180.11000061035156,183.1300048828125,183.1300048828125,43081800,AMZN
2024-07-22,185.0,185.05999755859375,182.47999572753906,182.5500030517578,182.5500030517578,39931900,AMZN
2024-07-23,184.10000610351562,189.38999938964844,183.55999755859375,186.41000366210938,186.41000366210938,47537700,AMZN
2024-07-24,183.1999969482422,185.4499969482422,180.41000366210938,180.8300018310547,180.8300018310547,41532400,AMZN
2024-07-25,182.91000366210938,183.89999389648438,176.8000030517578,179.85000610351562,179.85000610351562,44464200,AMZN
2024-07-26,180.38999938964844,183.19000244140625,180.24000549316406,182.5,182.5,29506000,AMZN
2024-07-29,183.83999633789062,184.75,182.3800048828125,183.1999969482422,183.1999969482422,33270100,AMZN
2024-07-30,184.72000122070312,185.86000061035156,179.3800048828125,181.7100067138672,181.7100067138672,39508600,AMZN
2024-07-31,185.0500030517578,187.94000244140625,184.4600067138672,186.97999572753906,186.97999572753906,41667300,AMZN
2024-08-01,189.2899932861328,190.60000610351562,181.8699951171875,184.07000732421875,184.07000732421875,70435600,AMZN
2024-08-02,166.75,168.77000427246094,160.5500030517578,167.89999389648438,167.89999389648438,141448400,AMZN
2024-08-05,154.2100067138672,162.9600067138672,151.61000061035156,161.02000427246094,161.02000427246094,83149400,AMZN
2024-08-06,161.7100067138672,165.0800018310547,158.5399932861328,161.92999267578125,161.92999267578125,59950800,AMZN
2024-08-07,166.5500030517578,167.5800018310547,161.42999267578125,162.77000427246094,162.77000427246094,48408200,AMZN
2024-08-08,165.1699981689453,166.69000244140625,162.5500030517578,165.8000030517578,165.8000030517578,44616200,AMZN
2024-08-09,166.39999389648438,168.5500030517578,165.85000610351562,166.94000244140625,166.94000244140625,36401000,AMZN
2024-08-12,168.13999938964844,168.5500030517578,166.11000061035156,166.8000030517578,166.8000030517578,30072800,AMZN
2024-08-13,167.80999755859375,171.0399932861328,167.10000610351562,170.22999572753906,170.22999572753906,39237900,AMZN
2024-08-14,172.11000061035156,172.27999877929688,168.86000061035156,170.10000610351562,170.10000610351562,28843800,AMZN
2024-08-15,174.86000061035156,177.91000366210938,173.99000549316406,177.58999633789062,177.58999633789062,51698500,AMZN
2024-08-16,177.0399932861328,178.33999633789062,176.25999450683594,177.05999755859375,177.05999755859375,31489200,AMZN
2024-08-19,177.63999938964844,178.3000030517578,176.16000366210938,178.22000122070312,178.22000122070312,31129800,AMZN
2024-08-20,177.9199981689453,179.00999450683594,177.42999267578125,178.8800048828125,178.8800048828125,26255200,AMZN
2024-08-21,179.9199981689453,182.38999938964844,178.88999938964844,180.11000061035156,180.11000061035156,35599100,AMZN
2024-08-22,181.3800048828125,181.47000122070312,175.67999267578125,176.1300048828125,176.1300048828125,32047500,AMZN
2024-08-23,177.33999633789062,178.97000122070312,175.24000549316406,177.0399932861328,177.0399932861328,29150100,AMZN
2024-08-26,176.6999969482422,177.47000122070312,174.3000030517578,175.5,175.5,22366200,AMZN
2024-08-27,174.14999389648438,174.88999938964844,172.25,173.1199951171875,173.1199951171875,29842000,AMZN
2024-08-28,173.69000244140625,173.69000244140625,168.9199981689453,170.8000030517578,170.8000030517578,29045000,AMZN
2024-08-29,173.22000122070312,174.2899932861328,170.80999755859375,172.1199951171875,172.1199951171875,26407800,AMZN
2024-08-30,172.77999877929688,178.89999389648438,172.60000610351562,178.5,178.5,43429400,AMZN
